,result,diff,opp_elo,elo,game_time,color,start_time,day,weekday
0,0.0,-243,1243.0,1000.0,600,1,14.0,2,0
1,1.0,218,651.0,869.0,600,0,17.0,15,2
2,0.5,-5,978.0,973.0,600,1,18.0,15,2
3,0.0,-434,1409.0,975.0,600,0,11.0,16,3
4,0.0,-148,1097.0,949.0,600,0,11.0,16,3
5,0.0,-164,1040.0,876.0,300,1,11.0,16,3
6,1.0,110,688.0,798.0,300,0,10.0,17,4
7,1.0,86,744.0,830.0,600,0,11.0,20,0
8,0.0,-138,1055.0,917.0,600,0,12.0,20,0
9,1.0,142,739.0,881.0,600,1,18.0,21,1
10,0.0,-85,1005.0,920.0,600,1,10.0,22,2
11,1.0,83,809.0,892.0,300,0,17.0,22,2
12,0.0,-103,1021.0,918.0,300,0,18.0,22,2
13,1.0,-61,957.0,896.0,300,1,10.0,23,3
14,1.0,106,825.0,931.0,300,1,10.0,24,4
15,0.0,-165,1116.0,951.0,300,1,11.0,25,5
16,0.0,-102,1038.0,936.0,600,1,21.0,25,5
17,0.0,-99,1014.0,915.0,300,0,17.0,27,0
18,0.0,7,891.0,898.0,300,0,17.0,27,0
19,1.0,-8,884.0,876.0,600,1,9.0,28,1
20,0.0,-88,986.0,898.0,600,0,11.0,28,1
21,0.0,48,835.0,883.0,600,1,15.0,28,1
22,0.5,44,818.0,862.0,600,0,23.0,5,6
23,0.0,-90,950.0,860.0,600,0,18.0,6,0
24,0.0,4,843.0,847.0,600,1,17.0,7,1
25,1.0,4,826.0,830.0,180,1,17.0,8,2
26,0.0,-67,913.0,846.0,180,1,17.0,8,2
27,0.0,-97,930.0,833.0,600,0,17.0,19,6
28,1.0,22,799.0,821.0,600,1,15.0,20,0
29,0.0,17,819.0,836.0,600,0,16.0,20,0
30,0.0,-32,852.0,820.0,600,1,16.0,20,0
31,1.0,-23,830.0,807.0,300,0,17.0,20,0
32,0.0,-30,852.0,822.0,300,1,18.0,20,0
33,0.0,0,810.0,810.0,300,0,18.0,20,0
34,1.0,66,731.0,797.0,600,0,10.0,21,1
35,1.0,32,775.0,807.0,600,1,10.0,22,2
36,0.0,-14,832.0,818.0,300,1,17.0,22,2
37,1.0,82,725.0,807.0,600,1,18.0,22,2
38,0.5,48,768.0,816.0,600,0,13.0,23,3
39,0.0,-64,879.0,815.0,600,1,14.0,23,3
40,1.0,-6,812.0,806.0,600,0,11.0,26,6
41,0.0,20,797.0,817.0,600,1,14.0,26,6
42,1.0,59,747.0,806.0,600,1,16.0,26,6
43,0.0,-62,877.0,815.0,600,0,22.0,26,6
44,0.0,-32,839.0,807.0,600,0,14.0,27,0
45,1.0,30,768.0,798.0,600,0,14.0,27,0
46,0.0,-64,871.0,807.0,600,1,18.0,27,0
47,0.0,-56,855.0,799.0,600,0,13.0,28,1
48,1.0,-78,869.0,791.0,300,1,18.0,28,1
49,0.0,-54,856.0,802.0,300,0,8.0,29,2
50,1.0,57,738.0,795.0,600,1,9.0,29,2
51,1.0,37,765.0,802.0,600,0,12.0,29,2
52,1.0,8,802.0,810.0,300,1,15.0,30,3
53,0.0,-144,962.0,818.0,300,1,16.0,7,4
54,0.0,-48,861.0,813.0,600,0,18.0,8,5
55,0.0,4,801.0,805.0,600,1,16.0,9,6
56,1.0,36,760.0,796.0,600,0,12.0,11,1
57,0.0,32,772.0,804.0,600,0,19.0,12,2
58,1.0,36,759.0,795.0,600,0,19.0,12,2
59,1.0,1,802.0,803.0,600,1,20.0,12,2
60,0.0,-20,831.0,811.0,600,1,22.0,13,3
61,0.0,-81,884.0,803.0,600,0,14.0,14,4
62,1.0,-28,825.0,797.0,600,0,16.0,15,5
63,0.0,125,681.0,806.0,600,0,20.0,15,5
64,1.0,-37,832.0,795.0,600,1,11.0,16,6
65,1.0,61,743.0,804.0,600,1,16.0,16,6
66,1.0,37,774.0,811.0,600,0,17.0,17,0
67,1.0,48,771.0,819.0,600,1,22.0,17,0
68,0.0,-44,870.0,826.0,600,0,13.0,18,1
69,0.0,-113,932.0,819.0,600,0,16.0,18,1
70,0.0,-2,815.0,813.0,300,1,20.0,19,2
71,0.0,0,805.0,805.0,600,1,22.0,20,3
72,1.0,-80,877.0,797.0,600,1,20.0,21,4
73,1.0,95,717.0,812.0,600,0,20.0,21,4
74,1.0,193,629.0,822.0,600,1,20.0,21,4
75,1.0,8,820.0,828.0,600,1,8.0,23,6
76,0.0,68,768.0,836.0,600,0,22.0,23,6
77,0.0,-44,870.0,826.0,600,0,17.0,24,0
78,1.0,26,793.0,819.0,600,1,17.0,24,0
79,1.0,48,779.0,827.0,600,1,16.0,26,2
80,1.0,-15,849.0,834.0,600,0,16.0,26,2
81,1.0,-11,862.0,851.0,600,1,17.0,26,2
82,1.0,-7,867.0,860.0,600,1,17.0,27,3
83,0.0,29,840.0,869.0,600,0,22.0,27,3
84,0.0,-93,953.0,860.0,600,1,22.0,27,3
85,0.0,5,849.0,854.0,600,0,22.0,27,3
86,1.0,24,821.0,845.0,600,1,11.0,28,4
87,0.0,-4,857.0,853.0,600,0,14.0,28,4
88,0.0,-8,853.0,845.0,600,0,15.0,28,4
89,0.5,31,806.0,837.0,600,1,15.0,28,4
90,0.5,26,810.0,836.0,600,0,16.0,28,4
91,1.0,260,575.0,835.0,600,0,20.0,28,4
92,0.0,-46,885.0,839.0,600,0,20.0,28,4
93,0.0,105,727.0,832.0,600,1,20.0,28,4
94,1.0,48,771.0,819.0,600,1,17.0,29,5
95,0.0,-2,828.0,826.0,600,1,17.0,29,5
96,0.0,-57,875.0,818.0,600,1,21.0,29,5
97,1.0,-20,831.0,811.0,600,1,12.0,30,6
98,0.0,-31,851.0,820.0,600,0,12.0,30,6
99,0.0,-14,826.0,812.0,600,0,13.0,30,6
100,0.0,9,795.0,804.0,600,0,13.0,30,6
101,1.0,8,787.0,795.0,600,1,15.0,30,6
102,0.0,-54,857.0,803.0,600,0,16.0,30,6
103,1.0,74,722.0,796.0,600,0,16.0,30,6
104,0.0,-7,810.0,803.0,600,1,16.0,30,6
105,0.5,-38,833.0,795.0,600,1,17.0,30,6
106,0.0,-14,810.0,796.0,600,0,17.0,30,6
107,0.0,34,754.0,788.0,600,1,17.0,30,6
108,0.0,7,772.0,779.0,600,1,19.0,30,6
109,0.0,-86,856.0,770.0,600,1,19.0,30,6
110,0.0,-14,778.0,764.0,600,0,17.0,1,0
111,1.0,47,709.0,756.0,600,1,17.0,1,0
112,0.0,4,759.0,763.0,600,0,9.0,2,1
113,1.0,-24,778.0,754.0,600,0,11.0,2,1
114,0.0,-47,810.0,763.0,600,0,11.0,2,1
115,0.0,-141,897.0,756.0,600,1,17.0,2,1
116,1.0,-17,768.0,751.0,600,1,17.0,2,1
117,1.0,54,706.0,760.0,600,0,17.0,2,1
118,0.0,-88,855.0,767.0,600,0,19.0,2,1
119,0.0,93,668.0,761.0,600,0,23.0,2,1
120,0.0,8,742.0,750.0,600,1,14.0,3,2
121,1.0,-62,803.0,741.0,600,1,14.0,3,2
122,0.0,-16,767.0,751.0,600,0,14.0,3,2
123,1.0,-65,808.0,743.0,600,1,15.0,3,2
124,0.5,-47,800.0,753.0,600,0,22.0,4,3
125,0.0,-80,834.0,754.0,600,0,22.0,4,3
126,0.0,28,719.0,747.0,600,1,22.0,4,3
127,0.0,-18,756.0,738.0,600,1,9.0,5,4
128,1.0,43,687.0,730.0,600,0,14.0,5,4
129,1.0,14,723.0,737.0,600,1,14.0,5,4
130,0.0,16,729.0,745.0,600,0,15.0,5,4
131,1.0,10,726.0,736.0,600,1,15.0,5,4
132,0.0,-6,750.0,744.0,600,0,16.0,5,4
133,0.0,-74,810.0,736.0,600,1,17.0,5,4
134,0.0,-84,813.0,729.0,600,0,17.0,5,4
135,0.0,-26,749.0,723.0,600,1,21.0,5,4
136,0.0,-46,761.0,715.0,600,0,21.0,5,4
137,1.0,-25,733.0,708.0,600,0,10.0,6,5
138,0.0,30,687.0,717.0,600,1,11.0,6,5
139,1.0,78,630.0,708.0,600,1,16.0,6,5
140,1.0,28,687.0,715.0,600,1,21.0,6,5
141,1.0,93,630.0,723.0,600,0,21.0,6,5
142,1.0,31,698.0,729.0,600,1,21.0,6,5
143,1.0,-5,742.0,737.0,600,0,21.0,6,5
144,1.0,93,653.0,746.0,600,0,21.0,6,5
145,0.0,-65,817.0,752.0,600,1,21.0,6,5
146,0.0,-35,780.0,745.0,600,0,22.0,6,5
147,0.0,9,728.0,737.0,600,1,22.0,6,5
148,0.0,48,680.0,728.0,600,0,7.0,7,6
149,1.0,-8,726.0,718.0,600,0,8.0,7,6
150,0.0,-41,768.0,727.0,600,0,11.0,7,6
151,0.0,-12,732.0,720.0,600,1,11.0,7,6
152,0.0,6,706.0,712.0,600,1,23.0,7,6
153,0.0,102,601.0,703.0,600,1,23.0,7,6
154,1.0,0,692.0,692.0,600,1,23.0,8,0
155,0.0,24,676.0,700.0,600,0,0.0,8,0
156,0.5,18,673.0,691.0,600,1,8.0,8,0
157,1.0,124,567.0,691.0,600,0,9.0,8,0
158,1.0,36,660.0,696.0,600,0,9.0,8,0
159,0.5,-26,730.0,704.0,600,0,14.0,8,0
160,0.0,-41,746.0,705.0,600,1,14.0,8,0
161,0.0,-13,711.0,698.0,600,0,15.0,8,0
162,0.0,81,609.0,690.0,600,1,17.0,8,0
163,1.0,92,588.0,680.0,600,1,19.0,8,0
164,0.0,-71,757.0,686.0,600,0,19.0,8,0
165,1.0,39,640.0,679.0,600,1,8.0,9,1
166,1.0,104,582.0,686.0,600,0,9.0,9,1
167,1.0,-40,732.0,692.0,600,1,9.0,9,1
168,0.0,-71,773.0,702.0,600,1,10.0,9,1
169,0.0,-26,721.0,695.0,600,0,10.0,9,1
170,1.0,-25,712.0,687.0,600,0,13.0,9,1
171,1.0,-7,703.0,696.0,600,1,13.0,9,1
172,0.0,-53,758.0,705.0,600,0,14.0,9,1
173,1.0,-71,769.0,698.0,600,1,14.0,9,1
174,1.0,-4,712.0,708.0,600,1,15.0,9,1
175,1.0,65,651.0,716.0,600,0,15.0,9,1
176,1.0,3,720.0,723.0,600,1,16.0,9,1
177,0.0,-110,841.0,731.0,600,0,16.0,9,1
178,0.0,-56,781.0,725.0,600,0,19.0,9,1
179,1.0,63,655.0,718.0,600,1,19.0,9,1
180,1.0,-59,784.0,725.0,600,1,22.0,9,1
181,0.5,-15,750.0,735.0,600,0,9.0,10,2
182,0.0,-8,743.0,735.0,600,1,9.0,10,2
183,0.0,-99,826.0,727.0,600,0,10.0,10,2
184,1.0,2,719.0,721.0,600,1,13.0,10,2
185,1.0,2,727.0,729.0,600,0,13.0,10,2
186,0.0,-41,778.0,737.0,600,0,14.0,10,2
187,1.0,114,616.0,730.0,600,1,14.0,10,2
188,1.0,52,684.0,736.0,600,1,16.0,10,2
189,0.0,33,710.0,743.0,600,0,16.0,10,2
190,0.0,-20,754.0,734.0,600,1,17.0,10,2
191,1.0,-20,746.0,726.0,600,0,17.0,10,2
192,0.0,5,730.0,735.0,600,0,20.0,10,2
193,1.0,20,706.0,726.0,600,1,20.0,10,2
194,1.0,-32,766.0,734.0,600,1,21.0,10,2
195,0.0,-111,854.0,743.0,600,1,21.0,10,2
196,0.0,-98,835.0,737.0,600,1,20.0,11,3
197,1.0,49,682.0,731.0,600,0,20.0,11,3
198,0.0,40,698.0,738.0,600,0,20.0,11,3
199,1.0,30,699.0,729.0,600,1,21.0,11,3
200,0.0,4,733.0,737.0,600,0,9.0,12,4
201,1.0,19,709.0,728.0,600,1,12.0,12,4
202,0.0,2,734.0,736.0,600,1,13.0,12,4
203,0.0,-104,832.0,728.0,600,0,21.0,12,4
204,0.0,-80,802.0,722.0,600,0,21.0,12,4
205,1.0,16,699.0,715.0,600,0,10.0,13,5
206,1.0,61,662.0,723.0,600,1,15.0,13,5
207,1.0,88,642.0,730.0,600,1,21.0,13,5
208,1.0,-77,813.0,736.0,600,0,23.0,13,5
209,0.0,-99,845.0,746.0,600,1,8.0,14,6
210,0.0,-103,843.0,740.0,600,0,8.0,14,6
211,0.0,-50,784.0,734.0,600,0,8.0,14,6
212,0.0,48,679.0,727.0,600,1,9.0,15,0
213,0.0,-70,788.0,718.0,600,1,9.0,15,0
214,1.0,7,704.0,711.0,600,0,13.0,15,0
215,0.5,-48,767.0,719.0,600,0,15.0,15,0
216,1.0,28,692.0,720.0,600,0,17.0,15,0
217,0.0,-80,808.0,728.0,600,1,17.0,15,0
218,1.0,80,641.0,721.0,600,0,18.0,15,0
219,0.0,-53,780.0,727.0,600,1,19.0,15,0
220,1.0,-111,831.0,720.0,600,1,22.0,15,0
221,1.0,-31,762.0,731.0,600,0,8.0,16,1
222,1.0,27,713.0,740.0,600,1,8.0,16,1
223,0.0,-49,797.0,748.0,600,1,12.0,16,1
224,0.0,-55,796.0,741.0,600,0,12.0,16,1
225,0.0,35,699.0,734.0,600,0,12.0,16,1
226,1.0,48,677.0,725.0,600,0,14.0,16,1
227,0.0,-212,944.0,732.0,600,1,15.0,16,1
228,1.0,47,680.0,727.0,600,1,16.0,16,1
229,1.0,39,695.0,734.0,600,0,17.0,16,1
230,0.5,45,696.0,741.0,600,1,17.0,16,1
231,0.0,-32,772.0,740.0,600,0,18.0,16,1
232,1.0,43,689.0,732.0,600,0,21.0,16,1
233,0.0,-47,786.0,739.0,600,1,9.0,17,2
234,1.0,38,694.0,732.0,600,1,9.0,17,2
235,1.0,48,691.0,739.0,600,1,9.0,17,2
236,0.0,-27,773.0,746.0,600,0,17.0,17,2
237,0.0,-65,803.0,738.0,600,0,17.0,17,2
238,0.5,-104,835.0,731.0,600,1,18.0,17,2
239,0.0,-138,871.0,733.0,180,0,11.0,18,3
240,1.0,160,568.0,728.0,300,0,15.0,18,3
241,0.0,-72,805.0,733.0,600,1,16.0,18,3
242,1.0,45,681.0,726.0,600,1,17.0,18,3
243,1.0,-4,737.0,733.0,600,0,8.0,19,4
244,1.0,105,636.0,741.0,600,1,9.0,19,4
245,0.0,-21,768.0,747.0,600,0,9.0,19,4
246,0.0,22,717.0,739.0,600,0,9.0,19,4
247,1.0,62,668.0,730.0,600,0,11.0,19,4
248,1.0,35,702.0,737.0,600,1,11.0,19,4
249,1.0,-72,817.0,745.0,600,1,12.0,19,4
250,0.5,-46,801.0,755.0,600,0,12.0,19,4
251,1.0,-41,797.0,756.0,300,1,13.0,19,4
252,0.0,-25,790.0,765.0,300,0,14.0,19,4
253,1.0,-28,785.0,757.0,300,1,14.0,19,4
254,0.0,-26,792.0,766.0,600,0,19.0,19,4
255,0.0,-46,804.0,758.0,600,1,19.0,19,4
256,1.0,56,695.0,751.0,600,1,22.0,19,4
257,0.0,-46,804.0,758.0,600,0,22.0,19,4
258,1.0,-8,759.0,751.0,600,0,18.0,20,5
259,1.0,30,730.0,760.0,600,0,22.0,20,5
260,1.0,52,716.0,768.0,600,1,23.0,20,5
261,0.0,-31,806.0,775.0,600,1,8.0,21,6
262,1.0,31,736.0,767.0,600,1,9.0,21,6
263,1.0,34,741.0,775.0,600,0,10.0,21,6
264,1.0,159,624.0,783.0,600,1,20.0,21,6
265,1.0,13,777.0,790.0,600,0,21.0,21,6
266,0.0,-21,819.0,798.0,300,1,22.0,21,6
267,1.0,50,740.0,790.0,300,1,22.0,21,6
268,0.0,6,791.0,797.0,300,0,12.0,22,0
269,1.0,-8,796.0,788.0,600,0,12.0,22,0
270,0.0,27,770.0,797.0,600,0,14.0,22,0
271,1.0,31,757.0,788.0,600,1,15.0,22,0
272,1.0,52,744.0,796.0,600,0,15.0,22,0
273,1.0,20,783.0,803.0,600,1,16.0,22,0
274,1.0,14,797.0,811.0,600,1,17.0,22,0
275,0.0,-3,822.0,819.0,600,1,21.0,22,0
276,0.5,33,778.0,811.0,600,0,9.0,23,1
277,0.0,-35,845.0,810.0,600,0,10.0,23,1
278,1.0,-20,822.0,802.0,600,1,10.0,23,1
279,1.0,-28,839.0,811.0,600,1,14.0,23,1
280,1.0,10,810.0,820.0,600,0,14.0,23,1
281,0.0,-24,852.0,828.0,600,0,15.0,23,1
282,1.0,2,818.0,820.0,600,0,15.0,23,1
283,0.0,41,787.0,828.0,600,1,16.0,23,1
284,1.0,-4,823.0,819.0,600,1,9.0,24,2
285,1.0,56,772.0,828.0,600,0,10.0,24,2
286,1.0,-19,854.0,835.0,600,1,16.0,24,2
287,0.0,-51,895.0,844.0,600,0,16.0,24,2
288,0.0,-94,931.0,837.0,600,0,17.0,24,2
289,0.0,-72,903.0,831.0,600,1,18.0,24,2
290,0.0,7,817.0,824.0,600,1,18.0,24,2
291,1.0,-14,829.0,815.0,600,1,9.0,25,3
292,0.0,-33,857.0,824.0,600,0,9.0,25,3
293,0.0,-14,830.0,816.0,600,0,11.0,25,3
294,1.0,27,781.0,808.0,600,1,13.0,25,3
295,0.0,-8,824.0,816.0,600,1,14.0,25,3
296,0.0,19,789.0,808.0,600,0,14.0,25,3
297,0.5,-69,868.0,799.0,600,1,15.0,25,3
298,0.0,12,789.0,801.0,600,1,15.0,25,3
299,1.0,25,767.0,792.0,600,0,18.0,25,3
300,0.0,29,771.0,800.0,600,0,18.0,25,3
301,0.0,-4,795.0,791.0,600,0,15.0,29,0
302,1.0,34,749.0,783.0,600,1,15.0,29,0
303,1.0,44,747.0,791.0,600,1,15.0,29,0
304,0.0,-48,847.0,799.0,600,0,15.0,29,0
305,1.0,70,722.0,792.0,600,0,15.0,29,0
306,0.0,50,749.0,799.0,600,1,15.0,29,0
307,1.0,64,725.0,789.0,600,0,15.0,29,0
308,0.0,-6,802.0,796.0,600,1,9.0,30,1
309,0.0,-171,959.0,788.0,180,1,12.0,30,1
310,0.0,-69,852.0,783.0,300,1,9.0,31,2
311,1.0,28,748.0,776.0,600,0,17.0,31,2
312,1.0,38,746.0,784.0,600,0,11.0,5,0
313,1.0,63,728.0,791.0,600,0,11.0,5,0
314,1.0,-37,835.0,798.0,600,1,10.0,6,1
315,0.0,68,739.0,807.0,600,0,17.0,6,1
316,1.0,-2,799.0,797.0,600,0,18.0,6,1
317,0.0,-34,839.0,805.0,600,1,18.0,6,1
318,0.0,-64,861.0,797.0,600,1,18.0,6,1
319,0.0,10,780.0,790.0,600,0,10.0,7,2
320,1.0,52,729.0,781.0,600,1,17.0,7,2
321,0.0,-25,813.0,788.0,600,1,17.0,7,2
322,0.0,-18,798.0,780.0,600,1,17.0,7,2
323,1.0,16,756.0,772.0,600,0,10.0,8,3
324,1.0,155,625.0,780.0,600,0,10.0,8,3
325,1.0,-1,786.0,785.0,600,0,18.0,10,5
326,0.0,12,781.0,793.0,600,1,19.0,10,5
327,0.5,8,776.0,784.0,600,0,21.0,10,5
328,1.0,102,682.0,784.0,600,1,21.0,10,5
329,0.5,21,769.0,790.0,600,0,21.0,10,5
330,0.0,-47,836.0,789.0,600,1,10.0,11,6
331,0.0,-107,889.0,782.0,600,1,10.0,11,6
332,1.0,49,727.0,776.0,600,1,19.0,11,6
333,1.0,36,747.0,783.0,600,0,20.0,11,6
334,1.0,-16,807.0,791.0,600,0,9.0,12,0
335,1.0,57,743.0,800.0,600,1,11.0,12,0
336,0.0,-53,860.0,807.0,600,0,11.0,12,0
337,1.0,-112,912.0,800.0,600,0,16.0,12,0
338,1.0,49,762.0,811.0,600,1,16.0,12,0
339,1.0,136,682.0,818.0,600,0,17.0,12,0
340,0.0,-43,866.0,823.0,600,0,17.0,12,0
341,0.0,16,800.0,816.0,600,0,20.0,12,0
342,0.0,-50,857.0,807.0,600,1,20.0,12,0
343,0.0,-42,842.0,800.0,600,1,21.0,12,0
344,1.0,2,791.0,793.0,600,1,10.0,13,1
345,1.0,31,770.0,801.0,600,0,15.0,13,1
346,0.0,-46,855.0,809.0,300,1,15.0,13,1
347,0.0,26,776.0,802.0,300,1,17.0,13,1
348,1.0,-19,812.0,793.0,300,0,17.0,13,1
349,0.0,-89,891.0,802.0,300,0,18.0,13,1
350,1.0,24,772.0,796.0,300,0,22.0,13,1
351,0.0,74,730.0,804.0,600,1,7.0,14,2
352,1.0,88,706.0,794.0,600,0,7.0,14,2
353,1.0,39,761.0,800.0,600,1,10.0,14,2
354,0.0,49,758.0,807.0,600,0,10.0,14,2
355,1.0,-122,919.0,797.0,600,0,16.0,14,2
356,0.0,-34,842.0,808.0,600,1,16.0,14,2
357,0.0,25,775.0,800.0,600,1,17.0,14,2
358,1.0,-8,799.0,791.0,180,1,18.0,14,2
359,0.0,5,795.0,800.0,180,1,19.0,14,2
360,1.0,69,722.0,791.0,180,0,19.0,14,2
361,0.5,9,789.0,798.0,600,0,22.0,14,2
362,0.5,44,754.0,798.0,600,0,22.0,14,2
363,0.5,-21,818.0,797.0,600,1,10.0,15,3
364,0.0,-86,883.0,797.0,600,1,14.0,15,3
365,0.0,18,773.0,791.0,600,0,14.0,15,3
366,0.0,-44,826.0,782.0,600,0,14.0,15,3
367,1.0,60,715.0,775.0,300,0,16.0,15,3
368,1.0,114,668.0,782.0,300,1,17.0,15,3
369,1.0,-68,856.0,788.0,300,1,17.0,15,3
370,0.0,-29,827.0,798.0,300,1,9.0,16,4
371,0.5,-44,834.0,790.0,300,1,9.0,16,4
372,0.0,-49,840.0,791.0,300,0,15.0,16,4
373,0.5,11,773.0,784.0,300,0,1.0,17,5
374,1.0,112,672.0,784.0,300,1,23.0,17,5
375,0.0,20,770.0,790.0,300,1,23.0,17,5
376,1.0,-12,793.0,781.0,300,0,17.0,18,6
377,0.0,-134,924.0,790.0,300,0,21.0,18,6
378,0.0,-142,927.0,785.0,300,0,21.0,18,6
379,1.0,-12,792.0,780.0,600,1,22.0,18,6
380,0.0,-21,810.0,789.0,600,1,22.0,18,6
381,1.0,124,657.0,781.0,300,0,12.0,19,0
382,0.0,-107,893.0,786.0,300,1,15.0,19,0
383,0.0,-75,855.0,780.0,300,1,16.0,19,0
384,0.0,-38,811.0,773.0,600,0,16.0,19,0
385,0.0,26,740.0,766.0,600,1,17.0,19,0
386,1.0,59,698.0,757.0,600,0,10.0,20,1
387,0.5,-20,784.0,764.0,600,1,10.0,20,1
388,1.0,26,738.0,764.0,600,0,11.0,20,1
389,1.0,-4,776.0,772.0,600,0,16.0,20,1
390,1.0,-4,784.0,780.0,600,1,18.0,20,1
391,0.0,-36,824.0,788.0,600,1,18.0,20,1
392,0.0,-47,828.0,781.0,600,0,22.0,20,1
393,1.0,91,683.0,774.0,600,1,22.0,20,1
394,1.0,164,616.0,780.0,600,0,22.0,20,1
395,0.0,20,765.0,785.0,600,0,23.0,21,2
396,1.0,31,745.0,776.0,180,1,0.0,21,2
397,0.0,-24,808.0,784.0,180,1,0.0,21,2
398,0.0,-32,808.0,776.0,300,0,10.0,21,2
399,1.0,71,697.0,768.0,300,1,10.0,21,2
400,1.0,-48,823.0,775.0,300,0,11.0,21,2
401,1.0,-44,828.0,784.0,300,0,11.0,21,2
402,1.0,-79,872.0,793.0,300,1,11.0,21,2
403,1.0,-15,818.0,803.0,300,0,16.0,21,2
404,1.0,62,750.0,812.0,300,0,16.0,21,2
405,0.0,108,711.0,819.0,300,0,16.0,21,2
406,0.0,-108,916.0,808.0,300,1,17.0,21,2
407,0.0,9,793.0,802.0,300,1,18.0,21,2
408,1.0,-47,840.0,793.0,300,1,18.0,21,2
409,0.0,61,742.0,803.0,300,1,22.0,21,2
410,1.0,42,751.0,793.0,300,1,22.0,21,2
411,0.0,-84,884.0,800.0,300,1,18.0,22,3
412,1.0,-9,803.0,794.0,300,0,18.0,22,3
413,0.0,-70,873.0,803.0,300,0,19.0,22,3
414,0.0,-194,990.0,796.0,300,0,8.0,23,4
415,0.0,-10,800.0,790.0,300,1,8.0,23,4
416,0.0,-12,794.0,782.0,300,0,8.0,23,4
417,1.0,-2,776.0,774.0,600,0,9.0,23,4
418,0.0,-32,814.0,782.0,600,1,12.0,23,4
419,1.0,45,729.0,774.0,600,1,12.0,23,4
420,0.0,-59,840.0,781.0,600,0,12.0,23,4
421,0.0,47,727.0,774.0,600,1,14.0,23,4
422,0.0,29,735.0,764.0,600,1,10.0,24,5
423,0.0,-112,867.0,755.0,600,1,10.0,24,5
424,0.0,-10,759.0,749.0,600,1,15.0,25,6
425,1.0,35,706.0,741.0,600,0,21.0,26,0
426,1.0,32,717.0,749.0,600,0,21.0,26,0
427,1.0,59,698.0,757.0,600,0,8.0,27,1
428,1.0,1,763.0,764.0,600,1,9.0,28,2
429,1.0,-60,832.0,772.0,600,0,15.0,3,0
430,0.0,-83,865.0,782.0,600,1,16.0,3,0
431,1.0,53,723.0,776.0,600,0,17.0,3,0
432,1.0,-24,807.0,783.0,600,0,20.0,3,0
433,1.0,-19,811.0,792.0,600,1,21.0,3,0
434,1.0,22,779.0,801.0,600,1,9.0,4,1
435,0.0,-59,868.0,809.0,600,1,10.0,4,1
436,1.0,49,753.0,802.0,600,0,11.0,4,1
437,1.0,39,770.0,809.0,600,0,11.0,4,1
438,1.0,37,779.0,816.0,600,1,13.0,4,1
439,1.0,-51,875.0,824.0,600,1,14.0,4,1
440,0.0,-23,857.0,834.0,600,0,14.0,4,1
441,0.0,-21,847.0,826.0,600,0,17.0,4,1
442,1.0,103,715.0,818.0,600,0,18.0,4,1
443,0.0,-45,869.0,824.0,600,1,18.0,4,1
444,1.0,-18,835.0,817.0,600,0,18.0,4,1
445,0.0,-93,919.0,826.0,600,1,20.0,4,1
446,0.5,-4,824.0,820.0,600,1,21.0,4,1
447,0.0,-89,909.0,820.0,600,1,11.0,5,2
448,1.0,142,672.0,814.0,300,0,14.0,5,2
449,1.0,27,792.0,819.0,300,1,16.0,5,2
450,0.0,0,827.0,827.0,300,0,18.0,5,2
451,0.0,53,766.0,819.0,300,1,18.0,5,2
452,1.0,34,775.0,809.0,300,0,18.0,5,2
453,0.0,36,781.0,817.0,300,0,19.0,5,2
454,1.0,19,789.0,808.0,300,0,22.0,5,2
455,0.0,-35,851.0,816.0,300,1,9.0,6,3
456,0.0,-93,901.0,808.0,300,1,11.0,6,3
457,1.0,67,735.0,802.0,600,1,22.0,6,3
458,1.0,130,679.0,809.0,600,1,8.0,7,4
459,1.0,-4,818.0,814.0,600,0,10.0,7,4
460,1.0,-9,832.0,823.0,300,1,11.0,7,4
461,0.0,-29,861.0,832.0,300,0,14.0,7,4
462,0.0,4,820.0,824.0,600,0,17.0,7,4
463,1.0,81,734.0,815.0,600,0,10.0,8,5
464,1.0,60,761.0,821.0,600,1,16.0,8,5
465,1.0,-45,873.0,828.0,600,0,23.0,8,5
466,1.0,-32,869.0,837.0,600,1,8.0,9,6
467,1.0,54,792.0,846.0,600,1,10.0,9,6
468,0.0,-41,894.0,853.0,600,0,11.0,9,6
469,0.0,11,835.0,846.0,600,1,19.0,9,6
470,1.0,85,752.0,837.0,600,1,22.0,9,6
471,1.0,50,793.0,843.0,600,1,15.0,10,0
472,1.0,4,846.0,850.0,600,0,15.0,10,0
473,1.0,12,846.0,858.0,600,0,16.0,10,0
474,1.0,2,864.0,866.0,600,0,18.0,10,0
475,1.0,40,834.0,874.0,600,1,22.0,10,0
476,0.0,-7,888.0,881.0,600,0,7.0,11,1
477,1.0,3,870.0,873.0,600,0,9.0,11,1
478,1.0,27,854.0,881.0,600,1,10.0,11,1
479,0.0,-79,968.0,889.0,600,1,13.0,11,1
480,1.0,22,860.0,882.0,600,1,15.0,11,1
481,1.0,65,825.0,890.0,600,1,16.0,11,1
482,1.0,53,844.0,897.0,600,0,19.0,11,1
483,0.0,-32,936.0,904.0,600,0,19.0,11,1
484,1.0,64,832.0,896.0,600,0,21.0,11,1
485,1.0,36,867.0,903.0,600,1,8.0,12,2
486,0.0,-3,914.0,911.0,600,0,9.0,12,2
487,1.0,42,861.0,903.0,600,0,10.0,12,2
488,0.0,-12,922.0,910.0,600,1,14.0,12,2
489,1.0,3,899.0,902.0,600,0,15.0,12,2
490,1.0,14,896.0,910.0,600,1,17.0,12,2
491,1.0,43,875.0,918.0,600,1,18.0,12,2
492,1.0,24,901.0,925.0,600,1,22.0,12,2
493,1.0,6,927.0,933.0,600,0,9.0,13,3
494,1.0,42,899.0,941.0,600,1,10.0,13,3
495,0.5,53,895.0,948.0,600,0,18.0,13,3
496,0.0,8,939.0,947.0,600,0,21.0,13,3
497,1.0,35,903.0,938.0,600,1,9.0,14,4
498,1.0,53,893.0,946.0,600,0,13.0,14,4
499,0.0,-37,990.0,953.0,600,0,13.0,14,4
500,0.0,-27,973.0,946.0,600,1,15.0,14,4
501,1.0,79,859.0,938.0,300,1,20.0,14,4
502,0.0,50,894.0,944.0,300,0,9.0,15,5
503,0.0,27,907.0,934.0,600,0,10.0,15,5
504,1.0,23,902.0,925.0,600,1,10.0,15,5
505,0.0,-78,1011.0,933.0,600,1,12.0,15,5
506,0.0,0,926.0,926.0,600,1,17.0,15,5
507,1.0,56,862.0,918.0,600,0,23.0,16,6
508,0.0,-32,957.0,925.0,600,1,8.0,16,6
509,1.0,-13,930.0,917.0,600,0,19.0,16,6
510,0.0,57,869.0,926.0,600,0,20.0,16,6
511,0.0,-7,923.0,916.0,600,0,8.0,17,0
512,0.5,7,901.0,908.0,300,1,9.0,17,0
513,1.0,39,869.0,908.0,300,0,15.0,17,0
514,1.0,77,838.0,915.0,300,0,15.0,17,0
515,0.0,-16,938.0,922.0,300,1,17.0,17,0
516,0.0,-51,965.0,914.0,600,1,18.0,17,0
517,1.0,54,853.0,907.0,600,1,19.0,17,0
518,0.0,-30,944.0,914.0,600,1,8.0,18,1
519,0.0,-60,966.0,906.0,300,1,9.0,18,1
520,0.0,-47,946.0,899.0,600,0,12.0,18,1
521,1.0,13,879.0,892.0,600,0,14.0,18,1
522,0.0,-110,1010.0,900.0,600,0,18.0,18,1
523,0.0,-19,913.0,894.0,600,1,8.0,19,2
524,0.0,-28,914.0,886.0,600,0,8.0,19,2
525,0.0,-70,948.0,878.0,600,0,8.0,19,2
526,0.0,-42,913.0,871.0,600,0,18.0,19,2
527,1.0,37,827.0,864.0,600,1,9.0,20,3
528,1.0,-7,879.0,872.0,600,1,13.0,20,3
529,1.0,-9,890.0,881.0,600,1,18.0,20,3
530,1.0,32,858.0,890.0,600,1,23.0,20,3
531,0.0,-71,969.0,898.0,600,1,23.0,20,3
532,0.0,72,819.0,891.0,600,0,14.0,21,4
533,0.0,-24,905.0,881.0,600,1,17.0,21,4
534,1.0,106,767.0,873.0,600,0,18.0,21,4
535,1.0,1,878.0,879.0,600,0,9.0,22,5
536,0.0,-111,998.0,887.0,600,0,23.0,22,5
537,1.0,-61,942.0,881.0,600,1,16.0,23,6
538,0.5,-44,935.0,891.0,600,1,17.0,23,6
539,0.5,70,822.0,892.0,600,0,18.0,23,6
540,0.0,-39,929.0,890.0,600,0,21.0,23,6
541,0.5,-20,903.0,883.0,600,1,21.0,23,6
542,0.0,-40,924.0,884.0,600,1,21.0,23,6
543,0.0,-22,899.0,877.0,600,1,23.0,23,6
544,0.0,-35,904.0,869.0,600,1,16.0,24,0
545,1.0,36,825.0,861.0,600,0,19.0,24,0
546,0.0,-36,905.0,869.0,600,0,19.0,24,0
547,1.0,-18,879.0,861.0,600,0,8.0,25,1
548,1.0,-58,928.0,870.0,600,1,10.0,25,1
549,1.0,42,838.0,880.0,600,0,17.0,25,1
550,0.0,13,874.0,887.0,600,1,17.0,25,1
551,0.5,-132,1010.0,878.0,300,0,18.0,25,1
552,1.0,57,824.0,881.0,600,0,20.0,25,1
553,1.0,-22,910.0,888.0,600,1,10.0,26,2
554,0.0,-102,999.0,897.0,600,1,22.0,26,2
555,0.0,-27,918.0,891.0,600,1,12.0,27,3
556,1.0,27,856.0,883.0,600,0,18.0,27,3
557,1.0,39,852.0,891.0,600,0,19.0,27,3
558,1.0,78,821.0,899.0,600,1,19.0,27,3
559,1.0,-17,923.0,906.0,600,0,22.0,27,3
560,1.0,17,898.0,915.0,600,0,9.0,28,4
561,1.0,6,917.0,923.0,600,1,9.0,28,4
562,0.0,7,924.0,931.0,600,0,15.0,28,4
563,0.5,-71,993.0,922.0,600,0,19.0,28,4
564,0.0,-32,956.0,924.0,600,1,8.0,29,5
565,0.0,19,897.0,916.0,600,1,8.0,29,5
566,0.0,28,879.0,907.0,300,1,11.0,29,5
567,1.0,40,858.0,898.0,600,0,14.0,29,5
568,0.5,64,843.0,907.0,600,0,16.0,29,5
569,0.0,-40,945.0,905.0,600,0,8.0,30,6
570,0.0,-9,907.0,898.0,600,1,13.0,30,6
571,0.0,-47,937.0,890.0,600,1,19.0,30,6
572,0.0,30,853.0,883.0,600,1,20.0,30,6
573,0.0,-2,876.0,874.0,600,0,10.0,31,0
574,1.0,21,845.0,866.0,600,0,13.0,31,0
575,0.0,-34,908.0,874.0,600,0,18.0,31,0
576,1.0,25,841.0,866.0,600,1,7.0,1,1
577,0.5,-10,884.0,874.0,600,1,7.0,1,1
578,0.0,61,813.0,874.0,600,1,11.0,1,1
579,0.0,15,849.0,864.0,600,0,13.0,1,1
580,1.0,77,778.0,855.0,600,0,18.0,1,1
581,0.0,21,841.0,862.0,600,0,18.0,1,1
582,1.0,2,851.0,853.0,600,1,21.0,1,1
583,1.0,-116,977.0,861.0,600,0,10.0,2,2
584,1.0,-35,907.0,872.0,600,1,10.0,2,2
585,1.0,-27,908.0,881.0,600,1,15.0,2,2
586,0.0,-29,919.0,890.0,600,0,17.0,2,2
587,1.0,100,782.0,882.0,600,1,18.0,2,2
588,1.0,-28,916.0,888.0,600,0,18.0,2,2
589,0.0,-49,946.0,897.0,600,0,18.0,2,2
590,0.0,13,877.0,890.0,600,1,22.0,2,2
591,1.0,38,843.0,881.0,600,0,8.0,3,3
592,0.0,-20,908.0,888.0,600,0,11.0,3,3
593,1.0,18,862.0,880.0,600,1,16.0,3,3
594,0.0,14,874.0,888.0,600,0,16.0,3,3
595,0.0,-68,947.0,879.0,600,0,17.0,3,3
596,0.5,-21,893.0,872.0,600,1,21.0,3,3
597,0.0,23,849.0,872.0,600,1,10.0,4,4
598,0.0,-15,878.0,863.0,600,1,11.0,4,4
599,1.0,21,834.0,855.0,600,0,15.0,4,4
600,0.0,-44,907.0,863.0,600,1,16.0,4,4
601,0.0,-33,888.0,855.0,600,1,17.0,4,4
602,0.0,-36,883.0,847.0,600,0,8.0,5,5
603,1.0,-16,855.0,839.0,600,1,8.0,5,5
604,1.0,18,830.0,848.0,600,0,13.0,5,5
605,1.0,56,800.0,856.0,600,0,13.0,5,5
606,1.0,105,758.0,863.0,600,0,13.0,5,5
607,1.0,-26,897.0,871.0,600,1,14.0,5,5
608,1.0,132,748.0,880.0,600,1,16.0,5,5
609,1.0,-25,910.0,885.0,600,1,17.0,5,5
610,0.5,-88,982.0,894.0,600,0,17.0,5,5
611,1.0,37,859.0,896.0,600,0,8.0,6,6
612,1.0,1,902.0,903.0,600,1,10.0,6,6
613,0.0,20,891.0,911.0,600,0,16.0,6,6
614,0.5,-28,930.0,902.0,600,0,19.0,6,6
615,1.0,-21,924.0,903.0,600,1,20.0,6,6
616,1.0,-13,925.0,912.0,600,1,10.0,7,0
617,1.0,91,830.0,921.0,600,1,17.0,7,0
618,1.0,-19,946.0,927.0,600,0,6.0,8,1
619,0.0,-18,954.0,936.0,600,0,8.0,8,1
620,0.0,-41,969.0,928.0,600,1,9.0,8,1
621,0.0,-36,957.0,921.0,600,0,12.0,8,1
622,0.0,35,879.0,914.0,600,0,19.0,8,1
623,1.0,28,877.0,905.0,600,1,6.0,9,2
624,1.0,32,881.0,913.0,600,0,8.0,9,2
625,1.0,28,893.0,921.0,300,0,13.0,9,2
626,0.5,-5,934.0,929.0,300,0,17.0,9,2
627,1.0,-5,934.0,929.0,600,0,18.0,9,2
628,0.0,18,920.0,938.0,600,1,18.0,9,2
629,0.0,21,908.0,929.0,600,1,7.0,10,3
630,1.0,4,916.0,920.0,600,1,7.0,10,3
631,1.0,64,864.0,928.0,600,1,7.0,10,3
632,1.0,30,905.0,935.0,600,0,9.0,10,3
633,1.0,-48,991.0,943.0,600,0,10.0,10,3
634,0.0,-41,994.0,953.0,600,1,18.0,10,3
635,1.0,-3,949.0,946.0,600,0,18.0,10,3
636,0.0,-34,988.0,954.0,600,0,18.0,10,3
637,1.0,29,917.0,946.0,600,1,20.0,10,3
638,0.0,-20,974.0,954.0,600,0,11.0,11,4
639,0.0,-3,949.0,946.0,600,0,19.0,11,4
640,1.0,-6,944.0,938.0,600,1,21.0,11,4
641,0.0,-22,969.0,947.0,600,1,7.0,12,5
642,1.0,-6,945.0,939.0,600,1,10.0,12,5
643,1.0,-60,1008.0,948.0,600,1,13.0,12,5
644,0.0,-83,1041.0,958.0,600,0,13.0,12,5
645,0.0,-9,961.0,952.0,600,0,13.0,12,5
646,1.0,17,927.0,944.0,600,0,9.0,13,6
647,0.0,24,928.0,952.0,600,1,13.0,13,6
648,0.0,-24,967.0,943.0,600,0,16.0,13,6
649,0.0,-42,977.0,935.0,600,1,17.0,13,6
650,0.5,15,913.0,928.0,600,0,10.0,14,0
651,1.0,-39,967.0,928.0,600,0,15.0,14,0
652,1.0,21,916.0,937.0,600,0,15.0,14,0
653,1.0,-27,972.0,945.0,600,1,17.0,14,0
654,1.0,-39,993.0,954.0,600,1,17.0,14,0
655,1.0,1,962.0,963.0,600,1,17.0,14,0
656,1.0,17,954.0,971.0,600,0,17.0,14,0
657,1.0,4,975.0,979.0,600,0,20.0,14,0
658,0.0,-16,1003.0,987.0,600,1,8.0,15,1
659,1.0,-26,1005.0,979.0,600,1,9.0,15,1
660,0.0,-40,1028.0,988.0,600,0,10.0,15,1
661,0.0,2,979.0,981.0,600,0,11.0,15,1
662,1.0,-19,992.0,973.0,600,1,14.0,15,1
663,1.0,51,931.0,982.0,600,0,15.0,15,1
664,1.0,8,981.0,989.0,600,1,15.0,15,1
665,0.0,63,934.0,997.0,600,0,16.0,15,1
666,0.5,-23,1010.0,987.0,600,1,19.0,15,1
667,0.0,-15,1003.0,988.0,600,0,8.0,16,2
668,0.0,-24,1004.0,980.0,600,0,12.0,16,2
669,1.0,36,936.0,972.0,600,1,15.0,16,2
670,0.5,-14,993.0,979.0,600,1,16.0,16,2
671,1.0,-6,985.0,979.0,600,0,16.0,16,2
672,0.0,-30,1018.0,988.0,600,1,17.0,16,2
673,0.0,-36,1016.0,980.0,300,1,19.0,16,2
674,0.0,27,945.0,972.0,300,0,22.0,16,2
675,1.0,37,926.0,963.0,300,1,8.0,17,3
676,0.5,19,952.0,971.0,300,0,9.0,17,3
677,0.0,1,970.0,971.0,600,0,15.0,17,3
678,1.0,-53,1016.0,963.0,600,1,16.0,17,3
679,0.0,15,958.0,973.0,600,0,17.0,17,3
680,1.0,44,920.0,964.0,600,0,20.0,17,3
681,1.0,77,894.0,971.0,600,1,20.0,17,3
682,0.0,-32,1010.0,978.0,600,0,20.0,17,3
683,0.0,-35,1005.0,970.0,600,0,6.0,18,4
684,0.0,-51,1013.0,962.0,600,1,7.0,18,4
685,0.0,-16,971.0,955.0,600,1,10.0,18,4
686,0.0,-4,951.0,947.0,600,1,16.0,18,4
687,1.0,37,902.0,939.0,600,1,7.0,19,5
688,1.0,-11,958.0,947.0,600,0,8.0,19,5
689,1.0,-52,1008.0,956.0,300,0,15.0,19,5
690,0.0,-16,982.0,966.0,300,0,19.0,19,5
691,1.0,-15,972.0,957.0,300,1,8.0,20,6
692,0.0,-54,1020.0,966.0,600,1,8.0,20,6
693,0.0,6,953.0,959.0,600,1,14.0,20,6
694,1.0,-23,973.0,950.0,600,0,6.0,21,0
695,0.5,45,914.0,959.0,600,0,7.0,21,0
696,0.0,-44,1002.0,958.0,600,0,10.0,21,0
697,0.0,-115,1066.0,951.0,300,1,16.0,21,0
698,0.0,-82,1027.0,945.0,300,1,16.0,21,0
699,0.0,9,930.0,939.0,600,1,17.0,21,0
700,0.0,14,916.0,930.0,600,0,21.0,21,0
701,0.0,-23,944.0,921.0,600,0,7.0,22,1
702,0.0,5,908.0,913.0,600,0,8.0,22,1
703,1.0,-3,908.0,905.0,600,1,14.0,22,1
704,0.0,-10,923.0,913.0,600,1,14.0,22,1
705,0.0,7,898.0,905.0,600,0,16.0,22,1
706,1.0,-45,941.0,896.0,600,0,16.0,23,2
707,1.0,31,874.0,905.0,600,0,17.0,23,2
708,1.0,20,893.0,913.0,600,1,17.0,23,2
709,1.0,35,886.0,921.0,600,1,18.0,23,2
710,0.5,-13,942.0,929.0,600,0,7.0,24,3
711,0.0,-15,944.0,929.0,600,1,11.0,24,3
712,1.0,28,893.0,921.0,600,0,15.0,24,3
713,1.0,-27,956.0,929.0,600,0,17.0,24,3
714,1.0,39,899.0,938.0,600,0,17.0,24,3
715,1.0,-24,969.0,945.0,600,1,18.0,24,3
716,0.5,41,913.0,954.0,600,1,20.0,24,3
717,0.0,58,895.0,953.0,600,1,6.0,25,4
718,1.0,21,922.0,943.0,600,0,10.0,25,4
719,0.0,-86,1037.0,951.0,600,1,10.0,25,4
720,0.0,26,919.0,945.0,600,1,10.0,25,4
721,0.0,-82,1018.0,936.0,600,1,15.0,25,4
722,0.5,-43,973.0,930.0,600,0,17.0,25,4
723,0.0,-74,1005.0,931.0,600,0,19.0,25,4
724,1.0,23,901.0,924.0,600,0,8.0,26,5
725,0.5,-1,933.0,932.0,600,1,8.0,26,5
726,1.0,61,871.0,932.0,600,0,10.0,26,5
727,0.0,-47,986.0,939.0,600,1,11.0,26,5
728,0.0,-21,953.0,932.0,600,0,12.0,26,5
729,0.0,-38,962.0,924.0,600,0,13.0,26,5
730,1.0,11,906.0,917.0,600,1,9.0,27,6
731,1.0,64,861.0,925.0,600,1,9.0,27,6
732,0.0,-23,955.0,932.0,600,1,22.0,27,6
733,1.0,36,888.0,924.0,600,0,14.0,28,0
734,0.5,92,840.0,932.0,600,1,15.0,28,0
735,0.0,-42,972.0,930.0,600,0,16.0,28,0
736,1.0,-31,954.0,923.0,300,1,12.0,29,1
737,1.0,38,894.0,932.0,300,0,16.0,29,1
738,1.0,13,926.0,939.0,300,0,16.0,29,1
739,0.0,48,899.0,947.0,300,0,18.0,29,1
740,0.0,-93,1031.0,938.0,300,1,18.0,29,1
741,1.0,99,833.0,932.0,300,0,18.0,29,1
742,1.0,51,887.0,938.0,600,1,20.0,29,1
743,1.0,61,884.0,945.0,600,1,11.0,30,2
744,0.0,0,952.0,952.0,600,1,12.0,30,2
745,0.0,-59,1003.0,944.0,300,1,17.0,30,2
746,0.0,-105,1042.0,937.0,300,1,18.0,30,2
747,1.0,32,899.0,931.0,300,0,9.0,31,3
748,1.0,151,788.0,939.0,300,0,9.0,31,3
749,0.0,-2,946.0,944.0,300,0,9.0,31,3
750,0.0,-7,943.0,936.0,300,1,14.0,31,3
751,0.5,11,917.0,928.0,600,0,20.0,31,3
752,0.0,-8,936.0,928.0,600,0,20.0,31,3
753,1.0,-13,933.0,920.0,180,0,14.0,1,4
754,1.0,123,806.0,929.0,180,1,18.0,1,4
755,0.0,-79,1013.0,934.0,180,1,9.0,2,5
756,0.0,-22,950.0,928.0,180,1,10.0,2,5
757,0.0,-48,968.0,920.0,300,1,12.0,2,5
758,0.0,-11,924.0,913.0,300,1,15.0,2,5
759,0.0,2,903.0,905.0,600,0,0.0,3,6
760,1.0,35,862.0,897.0,600,0,0.0,3,6
761,1.0,-18,923.0,905.0,600,1,0.0,3,6
762,1.0,-10,924.0,914.0,600,0,12.0,3,6
763,0.5,1,922.0,923.0,600,0,12.0,3,6
764,0.0,57,866.0,923.0,600,0,19.0,3,6
765,1.0,-20,933.0,913.0,600,1,19.0,3,6
766,1.0,9,913.0,922.0,600,1,23.0,3,6
767,0.0,-88,1018.0,930.0,600,1,23.0,3,6
768,1.0,62,862.0,924.0,600,0,9.0,4,0
769,0.0,-61,992.0,931.0,600,0,10.0,4,0
770,0.0,19,905.0,924.0,600,1,13.0,4,0
771,0.5,89,826.0,915.0,600,0,15.0,4,0
772,0.0,76,837.0,913.0,600,1,21.0,4,0
773,0.0,7,896.0,903.0,600,0,21.0,4,0
774,1.0,202,692.0,894.0,180,1,22.0,4,0
775,1.0,210,688.0,898.0,180,0,22.0,4,0
776,0.0,-196,1098.0,902.0,180,1,12.0,5,1
777,0.0,-9,907.0,898.0,180,0,14.0,5,1
778,0.5,-72,962.0,890.0,180,1,14.0,5,1
779,0.0,-2,894.0,892.0,180,0,15.0,5,1
780,0.0,-93,977.0,884.0,300,0,15.0,5,1
781,0.0,-62,940.0,878.0,300,1,15.0,5,1
782,1.0,51,820.0,871.0,300,1,22.0,5,1
783,0.0,-22,900.0,878.0,300,0,8.0,6,2
784,1.0,-69,939.0,870.0,600,1,14.0,25,5
785,0.0,-33,915.0,882.0,600,0,16.0,4,0
786,0.0,-93,965.0,872.0,600,0,17.0,4,0
787,1.0,73,791.0,864.0,600,1,17.0,11,0
788,0.0,-1,874.0,873.0,600,1,13.0,15,4
789,0.0,-45,907.0,862.0,600,1,18.0,15,4
790,1.0,73,780.0,853.0,600,0,19.0,15,4
791,0.0,-58,919.0,861.0,600,0,23.0,16,5
792,0.0,-43,895.0,852.0,600,1,14.0,16,5
793,0.5,6,837.0,843.0,600,1,16.0,16,5
794,1.0,37,806.0,843.0,600,0,19.0,16,5
795,0.0,25,826.0,851.0,600,1,22.0,16,5
796,0.0,-27,868.0,841.0,300,0,10.0,17,6
797,0.0,-8,841.0,833.0,600,0,11.0,17,6
798,0.0,-101,925.0,824.0,300,1,7.0,20,2
799,0.0,102,716.0,818.0,300,0,8.0,20,2
800,1.0,80,727.0,807.0,600,1,15.0,20,2
801,1.0,46,768.0,814.0,600,1,15.0,20,2
802,1.0,-27,848.0,821.0,600,0,16.0,20,2
803,0.0,-48,878.0,830.0,600,1,16.0,20,2
804,1.0,-20,843.0,823.0,600,0,17.0,20,2
805,0.0,-36,868.0,832.0,600,1,17.0,20,2
806,0.0,-11,835.0,824.0,600,0,19.0,20,2
807,0.0,-44,860.0,816.0,600,0,19.0,20,2
808,1.0,36,773.0,809.0,300,0,23.0,20,2
809,1.0,-7,824.0,817.0,180,1,9.0,21,3
810,0.5,59,767.0,826.0,180,0,9.0,21,3
811,1.0,-41,866.0,825.0,600,1,10.0,21,3
812,0.0,-66,901.0,835.0,600,0,11.0,21,3
813,1.0,87,741.0,828.0,600,1,18.0,21,3
814,1.0,31,804.0,835.0,600,0,19.0,21,3
815,1.0,-5,848.0,843.0,600,1,19.0,21,3
816,0.0,-15,866.0,851.0,600,1,21.0,21,3
817,0.0,-16,859.0,843.0,180,1,22.0,21,3
818,0.0,-703,1538.0,835.0,180,0,22.0,21,3
819,1.0,99,736.0,835.0,600,0,18.0,22,4
820,1.0,-8,849.0,841.0,600,1,18.0,22,4
821,0.0,47,803.0,850.0,300,0,0.0,23,5
822,1.0,95,745.0,840.0,300,0,0.0,23,5
823,1.0,4,842.0,846.0,300,0,0.0,23,5
824,0.0,61,793.0,854.0,300,1,0.0,23,5
825,0.0,-81,925.0,844.0,600,1,10.0,23,5
826,1.0,43,795.0,838.0,600,0,10.0,23,5
827,0.0,-160,1005.0,845.0,300,1,16.0,23,5
828,1.0,-22,862.0,840.0,300,1,11.0,24,6
829,0.0,-36,885.0,849.0,300,0,11.0,24,6
830,0.0,44,798.0,842.0,300,0,18.0,24,6
831,0.0,-24,857.0,833.0,600,1,19.0,24,6
832,1.0,12,813.0,825.0,600,1,22.0,24,6
833,0.0,-51,884.0,833.0,600,0,6.0,25,0
834,0.0,-29,855.0,826.0,600,0,12.0,25,0
835,1.0,-92,910.0,818.0,600,1,18.0,25,0
836,0.0,94,734.0,828.0,600,0,0.0,26,1
837,1.0,26,791.0,817.0,600,1,15.0,26,1
838,0.0,-61,886.0,825.0,600,1,16.0,26,1
839,1.0,58,760.0,818.0,600,0,16.0,26,1
840,0.0,4,821.0,825.0,600,1,16.0,26,1
841,1.0,-30,847.0,817.0,600,0,18.0,26,1
842,0.0,14,812.0,826.0,600,1,18.0,26,1
843,0.0,46,771.0,817.0,600,0,19.0,26,1
844,1.0,28,780.0,808.0,600,0,10.0,27,2
845,1.0,-19,835.0,816.0,600,1,10.0,27,2
846,0.0,-707,1532.0,825.0,300,0,13.0,27,2
847,0.0,-579,1404.0,825.0,300,1,13.0,27,2
848,0.0,-22,846.0,824.0,600,0,16.0,27,2
849,0.0,21,795.0,816.0,600,0,19.0,27,2
850,1.0,59,748.0,807.0,600,1,19.0,27,2
851,1.0,-56,870.0,814.0,600,1,23.0,27,2
852,1.0,-29,853.0,824.0,180,1,10.0,28,3
853,1.0,163,670.0,833.0,300,0,19.0,28,3
854,1.0,-120,958.0,838.0,300,0,20.0,28,3
855,0.0,-153,1002.0,849.0,300,1,9.0,29,4
856,1.0,-41,885.0,844.0,300,1,10.0,29,4
857,1.0,-53,906.0,853.0,180,0,14.0,29,4
858,0.0,-88,951.0,863.0,180,1,16.0,29,4
859,1.0,19,838.0,857.0,600,1,16.0,29,4
860,0.0,-127,992.0,865.0,600,0,19.0,29,4
861,0.0,-15,871.0,856.0,600,0,2.0,30,5
862,1.0,3,845.0,848.0,600,0,11.0,30,5
863,1.0,10,846.0,856.0,600,0,11.0,30,5
864,0.0,-597,1461.0,864.0,300,1,11.0,30,5
865,0.0,-131,994.0,863.0,600,1,11.0,30,5
866,1.0,85,773.0,858.0,300,1,12.0,30,5
867,0.0,-22,886.0,864.0,300,1,18.0,30,5
868,0.0,-6,862.0,856.0,300,0,1.0,31,6
869,1.0,4,844.0,848.0,180,1,11.0,31,6
870,0.0,1,855.0,856.0,300,1,13.0,31,6
871,0.5,-40,888.0,848.0,300,0,14.0,31,6
872,0.0,-38,887.0,849.0,600,1,16.0,31,6
873,0.0,-21,863.0,842.0,600,0,19.0,31,6
874,0.0,-8,842.0,834.0,600,0,2.0,1,0
875,0.0,-35,861.0,826.0,180,1,2.0,1,0
876,1.0,-98,916.0,818.0,300,0,10.0,1,0
877,0.0,-99,928.0,829.0,300,0,10.0,1,0
878,1.0,47,775.0,822.0,600,1,11.0,1,0
879,1.0,-81,910.0,829.0,180,1,17.0,1,0
880,0.0,-22,861.0,839.0,600,1,22.0,1,0
881,0.0,-4,835.0,831.0,600,0,22.0,1,0
882,1.0,31,792.0,823.0,300,1,9.0,2,1
883,0.5,72,759.0,831.0,300,0,12.0,2,1
884,1.0,-14,843.0,829.0,300,1,12.0,2,1
885,0.0,9,829.0,838.0,300,0,12.0,2,1
886,1.0,-27,856.0,829.0,300,0,14.0,2,1
887,1.0,4,834.0,838.0,300,0,14.0,2,1
888,0.0,-93,939.0,846.0,300,1,15.0,2,1
889,0.0,-41,881.0,840.0,300,1,20.0,2,1
890,1.0,-10,843.0,833.0,300,0,20.0,2,1
891,1.0,41,801.0,842.0,300,1,20.0,2,1
892,1.0,23,826.0,849.0,300,1,13.0,3,2
893,0.0,14,843.0,857.0,300,0,14.0,3,2
894,0.0,-49,897.0,848.0,300,1,15.0,3,2
895,1.0,-2,843.0,841.0,300,0,23.0,3,2
896,1.0,145,704.0,849.0,300,0,23.0,3,2
897,0.0,6,848.0,854.0,300,1,23.0,3,2
898,0.0,-72,917.0,845.0,300,0,9.0,4,3
899,0.0,-65,903.0,838.0,300,0,9.0,4,3
900,0.5,61,770.0,831.0,600,1,19.0,4,3
901,0.0,-44,874.0,830.0,600,1,20.0,4,3
902,0.0,-63,886.0,823.0,600,0,10.0,5,4
903,1.0,80,736.0,816.0,300,1,16.0,5,4
904,0.0,-57,880.0,823.0,300,1,16.0,5,4
905,0.0,-62,878.0,816.0,300,0,19.0,5,4
906,1.0,3,806.0,809.0,600,1,21.0,5,4
907,1.0,-44,861.0,817.0,300,0,23.0,5,4
908,0.0,65,761.0,826.0,300,0,13.0,6,5
909,1.0,153,663.0,816.0,300,1,17.0,6,5
910,0.0,4,817.0,821.0,300,0,17.0,6,5
911,0.0,3,809.0,812.0,600,1,18.0,6,5
912,0.0,-26,830.0,804.0,600,0,12.0,7,6
913,1.0,27,769.0,796.0,600,1,15.0,7,6
914,0.0,50,754.0,804.0,600,1,17.0,7,6
915,1.0,-6,800.0,794.0,600,0,21.0,7,6
916,1.0,-15,818.0,803.0,600,0,21.0,7,6
917,1.0,41,771.0,812.0,600,1,19.0,8,0
918,0.0,-114,933.0,819.0,600,1,20.0,8,0
919,1.0,50,763.0,813.0,600,1,21.0,8,0
920,0.0,-70,890.0,820.0,600,0,22.0,8,0
921,1.0,-24,837.0,813.0,600,0,14.0,9,1
922,1.0,86,736.0,822.0,600,1,19.0,9,1
923,0.0,81,748.0,829.0,600,0,20.0,9,1
924,0.0,-105,924.0,819.0,600,1,22.0,9,1
925,1.0,4,809.0,813.0,300,0,12.0,10,2
926,0.0,16,805.0,821.0,600,1,22.0,10,2
927,1.0,60,752.0,812.0,600,0,8.0,11,3
928,0.5,52,767.0,819.0,600,1,15.0,11,3
929,0.0,1,817.0,818.0,600,0,16.0,11,3
930,0.0,-6,816.0,810.0,300,1,18.0,11,3
931,0.0,-91,892.0,801.0,300,0,22.0,11,3
932,0.0,-31,826.0,795.0,600,0,22.0,12,4
933,0.0,-57,844.0,787.0,600,1,21.0,13,5
934,1.0,95,685.0,780.0,600,0,21.0,14,6
935,0.0,-83,869.0,786.0,600,1,21.0,14,6
936,0.0,-77,857.0,780.0,600,1,9.0,15,0
937,1.0,87,686.0,773.0,600,1,23.0,15,0
938,0.0,-2,781.0,779.0,600,0,23.0,15,0
939,1.0,-24,795.0,771.0,300,0,8.0,16,1
940,0.0,-60,840.0,780.0,300,0,8.0,16,1
941,1.0,116,657.0,773.0,300,1,10.0,16,1
942,0.0,75,704.0,779.0,300,0,10.0,16,1
943,1.0,42,727.0,769.0,300,0,15.0,16,1
944,1.0,-48,825.0,777.0,300,1,15.0,16,1
945,0.0,24,762.0,786.0,300,1,15.0,16,1
946,1.0,89,688.0,777.0,300,1,18.0,16,1
947,1.0,59,724.0,783.0,300,0,18.0,16,1
948,0.5,-26,816.0,790.0,300,1,18.0,16,1
949,0.0,-61,852.0,791.0,300,0,19.0,16,1
950,0.0,-110,894.0,784.0,300,1,8.0,17,2
951,1.0,33,745.0,778.0,300,0,9.0,17,2
952,0.0,-87,873.0,786.0,300,0,10.0,17,2
953,1.0,49,731.0,780.0,600,0,18.0,17,2
954,1.0,56,731.0,787.0,600,0,19.0,17,2
955,0.0,23,771.0,794.0,600,1,23.0,17,2
956,1.0,-36,821.0,785.0,180,1,9.0,18,3
957,1.0,-51,845.0,794.0,180,0,11.0,18,3
958,0.0,-87,891.0,804.0,180,1,19.0,18,3
959,1.0,130,668.0,798.0,180,1,21.0,18,3
960,1.0,81,722.0,803.0,180,1,21.0,18,3
961,1.0,-72,881.0,809.0,180,1,8.0,19,4
962,0.0,12,807.0,819.0,180,0,15.0,19,4
963,1.0,15,795.0,810.0,600,0,16.0,19,4
964,1.0,54,764.0,818.0,600,0,16.0,19,4
965,0.0,-4,829.0,825.0,300,1,22.0,19,4
966,1.0,-48,865.0,817.0,300,0,10.0,20,5
967,1.0,-18,845.0,827.0,600,1,18.0,20,5
968,0.0,-324,1160.0,836.0,180,0,18.0,20,5
969,0.0,-4,838.0,834.0,600,0,19.0,20,5
970,1.0,59,767.0,826.0,600,1,21.0,20,5
971,1.0,47,786.0,833.0,600,1,8.0,21,6
972,1.0,9,831.0,840.0,600,1,9.0,21,6
973,0.0,-729,1577.0,848.0,300,0,10.0,21,6
974,1.0,-53,901.0,848.0,300,1,10.0,21,6
975,0.0,-742,1600.0,858.0,300,0,12.0,21,6
976,1.0,-10,868.0,858.0,600,0,19.0,21,6
977,0.0,1,866.0,867.0,180,0,19.0,21,6
978,0.5,30,829.0,859.0,300,1,21.0,21,6
979,1.0,44,814.0,858.0,300,0,22.0,21,6
980,0.0,-50,915.0,865.0,600,1,22.0,21,6
981,1.0,-27,885.0,858.0,300,0,13.0,22,0
982,0.0,-8,875.0,867.0,180,1,18.0,22,0
983,0.0,-21,880.0,859.0,300,1,18.0,22,0
984,0.0,-55,906.0,851.0,300,1,19.0,22,0
985,1.0,-43,887.0,844.0,600,1,21.0,22,0
986,1.0,102,751.0,853.0,600,1,21.0,22,0
987,0.0,-30,889.0,859.0,600,0,8.0,23,1
988,0.0,-22,873.0,851.0,600,0,14.0,23,1
989,1.0,63,780.0,843.0,600,0,20.0,23,1
990,1.0,50,800.0,850.0,600,1,20.0,23,1
991,1.0,95,762.0,857.0,300,0,8.0,24,2
992,0.0,4,859.0,863.0,300,0,11.0,24,2
993,0.0,9,845.0,854.0,600,0,18.0,24,2
994,0.0,19,826.0,845.0,600,1,18.0,24,2
995,0.0,31,805.0,836.0,600,0,21.0,24,2
996,1.0,47,780.0,827.0,600,1,23.0,24,2
997,0.0,-57,891.0,834.0,180,1,8.0,25,3
998,0.0,-102,929.0,827.0,300,1,8.0,26,4
999,1.0,-4,825.0,821.0,300,1,9.0,26,4
1000,0.0,-27,857.0,830.0,300,0,9.0,26,4
1001,0.0,7,815.0,822.0,300,0,17.0,26,4
1002,1.0,16,797.0,813.0,600,1,19.0,26,4
1003,1.0,74,747.0,821.0,600,0,19.0,26,4
1004,0.0,-16,844.0,828.0,600,0,19.0,26,4
1005,0.0,-105,925.0,820.0,600,0,21.0,26,4
1006,1.0,-17,831.0,814.0,600,1,9.0,27,5
1007,1.0,-33,856.0,823.0,180,0,15.0,27,5
1008,0.0,-30,862.0,832.0,600,0,23.0,27,5
1009,1.0,-15,839.0,824.0,600,1,8.0,28,6
1010,1.0,54,779.0,833.0,600,1,10.0,28,6
1011,1.0,12,828.0,840.0,600,1,22.0,28,6
1012,1.0,36,812.0,848.0,300,0,7.0,29,0
1013,0.0,-16,871.0,855.0,300,1,13.0,29,0
1014,0.0,-35,882.0,847.0,300,1,14.0,29,0
1015,1.0,-74,913.0,839.0,300,0,15.0,29,0
1016,0.5,26,823.0,849.0,300,0,15.0,29,0
1017,0.0,8,840.0,848.0,300,1,19.0,29,0
1018,0.0,12,827.0,839.0,600,0,22.0,29,0
1019,0.0,-19,849.0,830.0,600,0,0.0,30,1
1020,1.0,101,721.0,822.0,180,1,8.0,30,1
1021,0.0,-89,917.0,828.0,180,0,9.0,30,1
1022,1.0,71,751.0,822.0,600,1,13.0,30,1
1023,1.0,-9,838.0,829.0,600,1,1.0,31,2
1024,1.0,-39,877.0,838.0,600,1,15.0,31,2
1025,1.0,14,833.0,847.0,600,1,16.0,31,2
1026,0.5,47,808.0,855.0,600,1,17.0,31,2
1027,1.0,48,806.0,854.0,600,0,21.0,31,2
1028,1.0,160,701.0,861.0,600,1,21.0,31,2
1029,0.0,-66,934.0,868.0,600,0,21.0,31,2
1030,0.0,-8,869.0,861.0,600,0,23.0,31,2
1031,0.0,4,849.0,853.0,600,0,8.0,1,3
1032,1.0,9,835.0,844.0,600,1,18.0,1,3
1033,0.0,-7,859.0,852.0,600,0,18.0,1,3
1034,0.0,34,810.0,844.0,600,0,20.0,1,3
1035,0.0,38,797.0,835.0,600,1,20.0,1,3
1036,1.0,-23,849.0,826.0,600,1,8.0,2,4
1037,1.0,5,830.0,835.0,600,1,15.0,2,4
1038,1.0,-26,869.0,843.0,180,1,15.0,2,4
1039,0.0,27,825.0,852.0,180,0,19.0,2,4
1040,0.0,21,822.0,843.0,600,0,23.0,2,4
1041,0.0,-63,897.0,834.0,600,1,0.0,3,5
1042,0.0,-57,884.0,827.0,600,0,8.0,3,5
1043,1.0,60,760.0,820.0,600,0,12.0,3,5
1044,0.0,54,773.0,827.0,600,1,12.0,3,5
1045,0.0,50,767.0,817.0,180,0,17.0,3,5
1046,1.0,13,794.0,807.0,300,0,18.0,3,5
1047,0.0,-59,874.0,815.0,300,1,19.0,3,5
1048,0.0,-42,850.0,808.0,600,1,21.0,3,5
1049,1.0,-7,808.0,801.0,600,1,11.0,4,6
1050,0.0,9,801.0,810.0,600,0,11.0,4,6
1051,0.0,-353,1154.0,801.0,300,1,11.0,4,6
1052,1.0,65,734.0,799.0,600,1,14.0,4,6
1053,0.0,-14,820.0,806.0,600,0,19.0,4,6
1054,1.0,10,788.0,798.0,600,0,22.0,4,6
1055,0.0,-133,939.0,806.0,600,0,22.0,4,6
1056,1.0,37,764.0,801.0,600,1,13.0,5,0
1057,0.0,502,306.0,808.0,180,0,13.0,5,0
1058,0.0,-429,1222.0,793.0,180,0,13.0,5,0
1059,0.0,-849,1641.0,792.0,180,1,16.0,5,0
1060,0.0,-366,1158.0,792.0,180,0,16.0,5,0
1061,1.0,-28,818.0,790.0,600,1,17.0,5,0
1062,0.0,-30,829.0,799.0,600,1,17.0,5,0
1063,0.5,63,728.0,791.0,600,1,9.0,6,1
1064,1.0,-18,808.0,790.0,600,0,9.0,6,1
1065,0.0,-34,833.0,799.0,600,1,9.0,6,1
1066,0.0,-240,1031.0,791.0,300,1,17.0,6,1
1067,1.0,-3,791.0,788.0,300,0,17.0,6,1
1068,0.0,23,773.0,796.0,300,0,17.0,6,1
1069,0.5,-45,832.0,787.0,300,1,17.0,6,1
1070,0.0,-223,1011.0,788.0,300,1,17.0,6,1
1071,0.0,-350,1134.0,784.0,300,0,18.0,6,1
1072,0.0,4,778.0,782.0,180,0,7.0,7,2
1073,0.5,5,768.0,773.0,600,1,11.0,7,2
1074,1.0,-26,799.0,773.0,600,1,15.0,7,2
1075,1.0,60,722.0,782.0,600,0,15.0,7,2
1076,1.0,74,715.0,789.0,600,1,16.0,7,2
1077,1.0,74,722.0,796.0,600,0,16.0,7,2
1078,0.0,3,800.0,803.0,600,0,18.0,7,2
1079,1.0,37,758.0,795.0,600,1,22.0,7,2
1080,1.0,50,753.0,803.0,600,0,22.0,8,3
1081,0.0,-51,861.0,810.0,600,1,22.0,8,3
1082,1.0,86,717.0,803.0,600,1,23.0,9,4
1083,0.0,43,766.0,809.0,600,1,17.0,9,4
1084,1.0,58,742.0,800.0,600,0,23.0,9,4
1085,0.0,5,802.0,807.0,600,1,23.0,10,5
1086,1.0,-16,815.0,799.0,600,0,10.0,11,6
1087,1.0,-34,842.0,808.0,600,1,12.0,11,6
1088,0.0,-36,853.0,817.0,600,0,19.0,11,6
1089,0.0,8,801.0,809.0,600,0,19.0,11,6
1090,0.0,-17,817.0,800.0,300,0,16.0,12,0
1091,1.0,11,781.0,792.0,300,1,16.0,12,0
1092,0.0,-13,813.0,800.0,300,1,17.0,12,0
1093,0.0,-91,883.0,792.0,600,0,19.0,12,0
1094,1.0,-5,791.0,786.0,600,1,21.0,12,0
1095,0.0,-21,816.0,795.0,600,0,21.0,12,0
1096,1.0,81,706.0,787.0,600,1,8.0,13,1
1097,1.0,50,743.0,793.0,600,0,8.0,13,1
1098,0.0,-15,815.0,800.0,300,1,13.0,13,1
1099,1.0,4,788.0,792.0,300,0,14.0,13,1
1100,1.0,33,767.0,800.0,300,1,14.0,13,1
1101,0.0,27,781.0,808.0,300,0,19.0,13,1
1102,0.0,-49,848.0,799.0,600,1,21.0,13,1
1103,1.0,39,753.0,792.0,600,1,7.0,14,2
1104,0.0,-31,830.0,799.0,600,0,8.0,14,2
1105,0.0,-68,859.0,791.0,600,1,10.0,14,2
1106,0.0,47,737.0,784.0,600,0,16.0,14,2
1107,0.0,-56,830.0,774.0,600,0,19.0,14,2
1108,1.0,21,746.0,767.0,600,0,10.0,15,3
1109,1.0,-19,794.0,775.0,600,0,15.0,15,3
1110,1.0,13,771.0,784.0,600,1,15.0,15,3
1111,1.0,-54,846.0,792.0,180,1,18.0,15,3
1112,1.0,-12,814.0,802.0,600,0,21.0,15,3
1113,1.0,-12,823.0,811.0,600,1,8.0,16,4
1114,0.0,19,801.0,820.0,600,1,8.0,16,4
1115,0.0,23,788.0,811.0,600,0,10.0,16,4
1116,1.0,7,795.0,802.0,600,0,14.0,16,4
1117,1.0,-24,834.0,810.0,600,0,16.0,16,4
1118,1.0,105,714.0,819.0,180,1,18.0,16,4
1119,0.0,85,740.0,825.0,180,0,18.0,16,4
1120,1.0,-6,821.0,815.0,180,1,19.0,16,4
1121,1.0,-10,834.0,824.0,600,1,13.0,17,5
1122,1.0,34,799.0,833.0,600,1,13.0,17,5
1123,1.0,-13,854.0,841.0,600,0,23.0,17,5
1124,1.0,-61,911.0,850.0,600,1,23.0,17,5
1125,0.0,-63,923.0,860.0,600,0,0.0,18,6
1126,1.0,-60,913.0,853.0,600,1,9.0,18,6
1127,0.5,-31,894.0,863.0,180,0,17.0,18,6
1128,0.0,-50,914.0,864.0,600,0,21.0,18,6
1129,1.0,24,833.0,857.0,600,1,15.0,19,0
1130,0.0,-56,921.0,865.0,600,0,18.0,19,0
1131,1.0,35,823.0,858.0,600,0,19.0,19,0
1132,0.0,-163,1029.0,866.0,600,1,21.0,19,0
1133,0.0,-37,898.0,861.0,600,0,22.0,19,0
1134,0.0,-26,879.0,853.0,600,1,11.0,20,1
1135,1.0,-12,857.0,845.0,600,1,14.0,20,1
1136,0.0,-13,867.0,854.0,600,0,19.0,20,1
1137,1.0,6,840.0,846.0,600,1,21.0,20,1
1138,1.0,22,832.0,854.0,600,1,8.0,21,2
1139,0.0,-58,920.0,862.0,600,0,13.0,21,2
1140,1.0,20,835.0,855.0,600,1,16.0,21,2
1141,0.0,-37,900.0,863.0,600,0,19.0,21,2
1142,1.0,2,853.0,855.0,600,0,21.0,21,2
1143,1.0,71,792.0,863.0,600,0,23.0,21,2
1144,1.0,-24,894.0,870.0,600,1,10.0,22,3
1145,0.0,82,797.0,879.0,300,0,13.0,22,3
1146,1.0,14,855.0,869.0,600,1,22.0,22,3
1147,1.0,29,848.0,877.0,600,0,10.0,23,4
1148,1.0,-58,943.0,885.0,600,1,15.0,23,4
1149,1.0,23,872.0,895.0,600,1,18.0,23,4
1150,1.0,62,841.0,903.0,600,1,10.0,24,5
1151,1.0,15,895.0,910.0,600,0,17.0,24,5
1152,0.0,-100,1018.0,918.0,300,1,18.0,24,5
1153,0.0,9,903.0,912.0,600,0,21.0,24,5
1154,1.0,48,855.0,903.0,600,0,16.0,25,6
1155,0.0,27,883.0,910.0,600,0,14.0,26,0
1156,1.0,90,811.0,901.0,600,1,20.0,26,0
1157,0.5,19,888.0,907.0,600,0,13.0,27,1
1158,1.0,55,852.0,907.0,600,0,14.0,28,2
1159,1.0,63,851.0,914.0,600,1,16.0,28,2
1160,0.0,-22,943.0,921.0,600,1,23.0,28,2
1161,0.5,-1,914.0,913.0,600,1,8.0,1,3
1162,1.0,-1,914.0,913.0,600,1,14.0,1,3
1163,1.0,1,920.0,921.0,600,0,15.0,1,3
1164,1.0,3,926.0,929.0,600,1,22.0,1,3
1165,0.0,-25,962.0,937.0,600,0,8.0,2,4
1166,1.0,36,893.0,929.0,600,0,9.0,2,4
1167,1.0,8,929.0,937.0,600,0,11.0,2,4
1168,1.0,63,882.0,945.0,600,1,13.0,2,4
1169,1.0,10,942.0,952.0,600,1,14.0,2,4
1170,0.0,-8,968.0,960.0,600,0,20.0,2,4
1171,1.0,59,893.0,952.0,600,1,9.0,3,5
1172,0.0,-40,999.0,959.0,600,1,12.0,3,5
1173,0.0,-33,985.0,952.0,600,1,10.0,4,6
1174,1.0,28,916.0,944.0,600,0,16.0,5,0
1175,0.0,-31,983.0,952.0,600,0,19.0,5,0
1176,0.0,-54,998.0,944.0,600,0,7.0,6,1
1177,1.0,26,911.0,937.0,600,1,13.0,6,1
1178,1.0,27,918.0,945.0,600,0,19.0,6,1
1179,0.0,-42,995.0,953.0,600,1,19.0,6,1
1180,0.0,-16,962.0,946.0,600,0,23.0,6,1
1181,1.0,210,728.0,938.0,600,0,8.0,7,2
1182,1.0,5,939.0,944.0,600,1,14.0,7,2
1183,0.0,-31,983.0,952.0,600,0,17.0,7,2
1184,0.5,22,922.0,944.0,600,1,8.0,8,3
1185,1.0,83,860.0,943.0,600,1,12.0,8,3
1186,0.0,2,947.0,949.0,600,0,0.0,9,4
1187,1.0,-3,944.0,941.0,600,0,10.0,10,5
1188,0.0,-8,957.0,949.0,600,1,18.0,10,5
1189,0.0,-39,980.0,941.0,600,1,10.0,11,6
1190,1.0,110,824.0,934.0,600,1,14.0,12,0
1191,0.0,8,932.0,940.0,600,0,17.0,12,0
1192,1.0,10,921.0,931.0,600,1,9.0,13,1
1193,0.0,-54,993.0,939.0,600,0,14.0,13,1
1194,0.0,-68,1000.0,932.0,600,1,14.0,13,1
1195,1.0,-69,994.0,925.0,600,0,23.0,13,1
1196,0.5,35,900.0,935.0,600,0,13.0,14,2
1197,0.5,44,890.0,934.0,600,1,19.0,14,2
1198,0.0,-104,1037.0,933.0,600,0,22.0,14,2
1199,0.0,-36,963.0,927.0,600,0,16.0,15,3
1200,1.0,17,903.0,920.0,600,1,9.0,16,4
1201,0.5,-3,931.0,928.0,600,1,12.0,16,4
1202,1.0,16,912.0,928.0,600,1,9.0,17,5
1203,0.0,-21,957.0,936.0,600,1,9.0,17,5
1204,0.0,-10,938.0,928.0,600,0,18.0,17,5
1205,1.0,-31,951.0,920.0,600,0,19.0,17,5
1206,0.0,53,876.0,929.0,600,0,19.0,17,5
1207,1.0,-3,922.0,919.0,600,1,22.0,17,5
1208,0.0,-14,941.0,927.0,600,0,23.0,18,6
1209,0.0,21,898.0,919.0,600,0,9.0,18,6
1210,0.0,-13,923.0,910.0,300,1,13.0,18,6
1211,1.0,0,902.0,902.0,300,0,15.0,18,6
1212,1.0,86,824.0,910.0,300,1,15.0,18,6
1213,1.0,13,903.0,916.0,600,1,20.0,18,6
1214,0.0,-15,939.0,924.0,600,1,9.0,19,0
1215,0.5,-25,941.0,916.0,600,0,18.0,19,0
1216,0.0,-74,991.0,917.0,300,0,10.0,20,1
1217,0.0,21,889.0,910.0,600,0,18.0,21,2
1218,1.0,-17,918.0,901.0,600,1,9.0,22,3
1219,0.0,-6,916.0,910.0,600,0,9.0,22,3
1220,0.0,9,893.0,902.0,600,1,15.0,22,3
1221,1.0,60,833.0,893.0,600,0,7.0,23,4
1222,0.5,0,900.0,900.0,600,0,11.0,23,4
1223,1.0,-6,906.0,900.0,600,1,7.0,24,5
1224,0.0,2,907.0,909.0,600,1,10.0,25,6
1225,0.0,-27,928.0,901.0,600,0,16.0,25,6
1226,1.0,-4,897.0,893.0,600,1,14.0,26,0
1227,1.0,-31,933.0,902.0,600,0,14.0,26,0
1228,0.0,-33,944.0,911.0,600,0,14.0,26,0
1229,0.0,4,899.0,903.0,600,1,18.0,26,0
1230,1.0,-16,910.0,894.0,600,0,19.0,26,0
1231,0.0,-10,913.0,903.0,600,0,14.0,27,1
1232,0.0,18,877.0,895.0,600,0,15.0,27,1
1233,1.0,27,859.0,886.0,600,1,8.0,28,2
1234,1.0,-30,924.0,894.0,600,1,16.0,28,2
1235,1.0,-14,917.0,903.0,600,1,18.0,28,2
1236,1.0,36,876.0,912.0,600,0,9.0,29,3
1237,0.0,-7,927.0,920.0,600,0,9.0,29,3
1238,1.0,34,878.0,912.0,600,1,13.0,29,3
1239,1.0,36,884.0,920.0,600,0,8.0,30,4
1240,1.0,-3,930.0,927.0,600,1,12.0,30,4
1241,1.0,5,930.0,935.0,600,0,20.0,30,4
1242,1.0,55,888.0,943.0,600,1,10.0,31,5
1243,1.0,37,913.0,950.0,600,1,19.0,31,5
1244,0.0,-32,990.0,958.0,600,0,8.0,1,6
1245,1.0,-5,955.0,950.0,600,1,12.0,1,6
1246,1.0,1,958.0,959.0,600,1,18.0,1,6
1247,1.0,20,947.0,967.0,600,0,9.0,2,0
1248,0.0,-70,1045.0,975.0,600,1,8.0,3,1
1249,0.0,-34,1002.0,968.0,600,0,10.0,3,1
1250,1.0,31,929.0,960.0,600,1,14.0,3,1
1251,1.0,-1,969.0,968.0,300,0,14.0,3,1
1252,0.0,18,958.0,976.0,600,0,22.0,4,2
1253,0.0,-38,1005.0,967.0,600,0,11.0,5,3
1254,0.5,21,939.0,960.0,600,1,13.0,5,3
1255,0.0,-60,1019.0,959.0,600,1,15.0,6,4
1256,0.0,-40,992.0,952.0,600,0,8.0,10,1
1257,1.0,40,905.0,945.0,600,0,8.0,10,1
1258,0.0,-31,983.0,952.0,600,1,11.0,10,1
1259,0.0,-30,974.0,944.0,600,1,15.0,10,1
1260,0.0,-26,962.0,936.0,600,1,15.0,10,1
1261,0.5,-21,949.0,928.0,600,1,15.0,10,1
1262,0.5,17,912.0,929.0,600,0,16.0,10,1
1263,1.0,-23,952.0,929.0,600,0,19.0,11,2
1264,0.0,27,911.0,938.0,600,0,20.0,11,2
1265,0.0,-18,947.0,929.0,600,1,19.0,12,3
1266,1.0,13,908.0,921.0,600,0,10.0,13,4
1267,0.0,20,909.0,929.0,600,1,21.0,13,4
1268,0.0,47,873.0,920.0,600,0,11.0,14,5
1269,0.0,-60,971.0,911.0,600,1,9.0,15,6
1270,1.0,-25,929.0,904.0,600,0,13.0,15,6
1271,1.0,50,863.0,913.0,600,0,13.0,15,6
1272,0.0,-63,983.0,920.0,600,1,14.0,15,6
1273,0.0,-27,940.0,913.0,300,0,17.0,15,6
1274,0.0,-54,959.0,905.0,300,1,17.0,15,6
1275,1.0,-3,901.0,898.0,300,0,18.0,15,6
1276,0.0,27,879.0,906.0,300,1,18.0,15,6
1277,0.0,-97,994.0,897.0,600,0,21.0,15,6
1278,1.0,6,885.0,891.0,600,1,8.0,16,0
1279,1.0,92,807.0,899.0,600,0,8.0,16,0
1280,1.0,-17,922.0,905.0,600,1,8.0,16,0
1281,0.0,-5,919.0,914.0,600,0,8.0,16,0
1282,1.0,95,811.0,906.0,600,1,10.0,16,0
1283,1.0,30,882.0,912.0,600,0,17.0,16,0
1284,1.0,73,847.0,920.0,600,0,13.0,17,1
1285,1.0,-25,952.0,927.0,600,0,14.0,17,1
1286,1.0,-32,968.0,936.0,600,1,14.0,17,1
1287,1.0,-12,957.0,945.0,300,1,12.0,18,2
1288,0.0,44,910.0,954.0,300,1,17.0,18,2
1289,1.0,31,914.0,945.0,600,0,19.0,18,2
1290,1.0,11,942.0,953.0,600,1,10.0,19,3
1291,1.0,54,907.0,961.0,600,0,10.0,19,3
1292,0.0,17,951.0,968.0,300,0,15.0,19,3
1293,1.0,39,920.0,959.0,600,1,15.0,19,3
1294,0.0,-41,1007.0,966.0,600,0,18.0,19,3
1295,1.0,33,926.0,959.0,600,0,23.0,19,3
1296,1.0,56,911.0,967.0,300,0,10.0,20,4
1297,0.0,-67,1041.0,974.0,300,1,13.0,20,4
1298,0.0,-98,1065.0,967.0,600,1,14.0,20,4
1299,1.0,132,829.0,961.0,600,1,19.0,20,4
1300,0.0,-56,1024.0,968.0,600,1,11.0,22,6
1301,1.0,-28,989.0,961.0,600,0,12.0,22,6
1302,1.0,45,925.0,970.0,300,1,12.0,22,6
1303,0.0,5,972.0,977.0,600,1,15.0,22,6
1304,0.0,21,947.0,968.0,600,0,17.0,22,6
1305,1.0,26,933.0,959.0,600,1,9.0,23,0
1306,0.0,-38,1005.0,967.0,600,0,9.0,23,0
1307,0.5,31,929.0,960.0,600,0,11.0,23,0
1308,1.0,59,900.0,959.0,300,1,13.0,23,0
1309,0.0,-86,1052.0,966.0,300,0,13.0,23,0
1310,1.0,35,925.0,960.0,600,1,15.0,23,0
1311,0.5,33,935.0,968.0,600,0,15.0,23,0
1312,1.0,58,909.0,967.0,600,1,8.0,24,1
1313,1.0,2,972.0,974.0,300,1,10.0,24,1
1314,0.0,-14,996.0,982.0,300,0,10.0,24,1
1315,1.0,2,972.0,974.0,300,1,10.0,24,1
1316,0.0,41,941.0,982.0,600,1,11.0,24,1
1317,0.0,-27,1000.0,973.0,300,0,16.0,24,1
1318,0.0,-2,967.0,965.0,300,1,16.0,24,1
1319,0.0,-36,993.0,957.0,600,0,20.0,24,1
1320,0.0,9,941.0,950.0,600,0,20.0,24,1
1321,0.0,-54,995.0,941.0,600,0,10.0,25,2
1322,0.0,10,924.0,934.0,300,1,11.0,25,2
1323,0.0,27,898.0,925.0,300,0,13.0,25,2
1324,0.0,-43,959.0,916.0,180,1,13.0,25,2
1325,0.0,-58,967.0,909.0,300,1,14.0,25,2
1326,0.0,-47,949.0,902.0,300,0,14.0,25,2
1327,1.0,-10,905.0,895.0,300,1,15.0,25,2
1328,1.0,19,885.0,904.0,600,0,16.0,25,2
1329,0.0,-44,956.0,912.0,600,0,16.0,25,2
1330,1.0,38,867.0,905.0,600,1,19.0,25,2
1331,1.0,27,885.0,912.0,600,0,23.0,26,3
1332,0.0,-50,970.0,920.0,600,0,8.0,26,3
1333,1.0,48,865.0,913.0,600,1,9.0,26,3
1334,1.0,59,861.0,920.0,600,1,12.0,26,3
1335,1.0,-11,938.0,927.0,600,1,12.0,26,3
1336,0.0,-41,977.0,936.0,600,0,15.0,26,3
1337,0.0,16,913.0,929.0,600,0,21.0,26,3
1338,0.0,2,918.0,920.0,600,1,21.0,26,3
1339,0.0,-100,1012.0,912.0,300,1,8.0,27,4
1340,0.0,-48,954.0,906.0,300,0,10.0,27,4
1341,0.0,-15,914.0,899.0,600,0,11.0,27,4
1342,1.0,-78,969.0,891.0,600,0,11.0,27,4
1343,1.0,5,896.0,901.0,300,1,12.0,27,4
1344,0.5,5,904.0,909.0,300,0,12.0,27,4
1345,0.0,-1,910.0,909.0,600,1,17.0,27,4
1346,0.0,-44,945.0,901.0,600,1,18.0,27,4
1347,0.0,-37,931.0,894.0,600,0,12.0,28,5
1348,1.0,44,843.0,887.0,300,1,16.0,28,5
1349,1.0,-2,896.0,894.0,300,0,16.0,28,5
1350,0.0,-88,990.0,902.0,600,0,20.0,28,5
1351,0.0,-60,956.0,896.0,600,0,23.0,28,5
1352,1.0,51,838.0,889.0,600,1,9.0,29,6
1353,0.0,-42,938.0,896.0,600,0,9.0,29,6
1354,1.0,33,856.0,889.0,300,1,23.0,29,6
1355,0.0,-41,938.0,897.0,300,1,12.0,30,0
1356,0.0,21,869.0,890.0,300,0,13.0,30,0
1357,0.0,6,875.0,881.0,600,1,13.0,30,0
1358,0.0,-63,935.0,872.0,300,1,17.0,30,0
1359,1.0,19,846.0,865.0,300,0,17.0,30,0
1360,0.5,-45,918.0,873.0,600,0,20.0,30,0
1361,0.5,18,856.0,874.0,300,1,10.0,1,1
1362,1.0,84,790.0,874.0,300,0,11.0,1,1
1363,1.0,9,871.0,880.0,300,0,11.0,1,1
1364,0.0,-30,918.0,888.0,300,1,17.0,1,1
1365,0.0,-25,905.0,880.0,300,0,9.0,2,2
1366,0.5,-20,892.0,872.0,300,1,11.0,2,2
1367,0.0,-40,913.0,873.0,300,0,17.0,2,2
1368,1.0,41,825.0,866.0,300,1,17.0,2,2
1369,1.0,-43,916.0,873.0,300,1,17.0,2,2
1370,0.0,-8,890.0,882.0,300,0,17.0,2,2
1371,0.0,-75,949.0,874.0,300,1,17.0,2,2
1372,0.0,-123,990.0,867.0,300,0,21.0,2,2
1373,0.0,28,833.0,861.0,300,1,10.0,3,3
1374,1.0,-17,869.0,852.0,600,1,12.0,3,3
1375,0.5,-24,885.0,861.0,600,0,12.0,3,3
1376,1.0,16,846.0,862.0,300,0,16.0,3,3
1377,1.0,-48,918.0,870.0,300,1,16.0,3,3
1378,1.0,69,810.0,879.0,600,0,19.0,3,3
1379,1.0,-22,908.0,886.0,600,0,20.0,3,3
1380,1.0,57,838.0,895.0,600,1,21.0,3,3
1381,1.0,-12,914.0,902.0,600,1,8.0,4,4
1382,0.0,-18,929.0,911.0,600,1,9.0,4,4
1383,0.0,-16,919.0,903.0,600,0,13.0,4,4
1384,0.5,-27,922.0,895.0,600,1,13.0,4,4
1385,1.0,14,882.0,896.0,600,0,14.0,4,4
1386,0.0,2,902.0,904.0,300,0,17.0,4,4
1387,0.0,-11,907.0,896.0,600,1,18.0,4,4
1388,1.0,11,877.0,888.0,300,1,20.0,4,4
1389,0.0,-55,951.0,896.0,300,0,20.0,4,4
1390,0.0,-41,930.0,889.0,600,0,10.0,5,5
1391,0.0,15,867.0,882.0,600,1,19.0,5,5
1392,1.0,80,793.0,873.0,600,1,21.0,5,5
1393,1.0,128,752.0,880.0,600,0,21.0,5,5
1394,0.5,20,865.0,885.0,600,1,21.0,5,5
1395,1.0,14,871.0,885.0,600,1,21.0,5,5
1396,1.0,-23,916.0,893.0,600,0,16.0,6,6
1397,1.0,59,843.0,902.0,600,0,16.0,6,6
1398,1.0,19,890.0,909.0,600,1,16.0,6,6
1399,0.0,-35,952.0,917.0,600,1,17.0,6,6
1400,0.0,-7,916.0,909.0,600,0,18.0,6,6
1401,0.0,-9,910.0,901.0,600,0,19.0,6,6
1402,1.0,29,864.0,893.0,600,0,21.0,6,6
1403,1.0,56,845.0,901.0,600,1,21.0,6,6
1404,1.0,41,867.0,908.0,600,0,22.0,6,6
1405,0.5,-32,947.0,915.0,600,0,23.0,6,6
1406,0.0,39,877.0,916.0,600,1,8.0,7,0
1407,0.5,-16,923.0,907.0,600,1,10.0,7,0
1408,0.0,-90,997.0,907.0,600,0,10.0,7,0
1409,1.0,143,758.0,901.0,180,1,11.0,7,0
1410,0.0,-59,965.0,906.0,180,1,11.0,7,0
1411,1.0,29,870.0,899.0,180,0,11.0,7,0
1412,1.0,-16,923.0,907.0,180,1,15.0,7,0
1413,0.0,-4,920.0,916.0,180,0,15.0,7,0
1414,0.0,-74,982.0,908.0,300,0,16.0,7,0
1415,1.0,1,900.0,901.0,300,1,16.0,7,0
1416,1.0,-56,965.0,909.0,180,0,18.0,7,0
1417,1.0,29,890.0,919.0,180,0,19.0,7,0
1418,0.0,-33,960.0,927.0,180,0,9.0,8,1
1419,0.0,13,906.0,919.0,180,1,11.0,8,1
1420,1.0,79,831.0,910.0,180,1,11.0,8,1
1421,0.0,59,858.0,917.0,180,0,11.0,8,1
1422,1.0,-11,918.0,907.0,180,0,12.0,8,1
1423,1.0,14,902.0,916.0,180,1,17.0,8,1
1424,0.0,2,922.0,924.0,180,1,17.0,8,1
1425,0.0,1,915.0,916.0,180,0,17.0,8,1
1426,1.0,-24,932.0,908.0,180,1,18.0,8,1
1427,1.0,25,892.0,917.0,180,1,20.0,8,1
1428,0.0,25,900.0,925.0,180,0,20.0,8,1
1429,0.0,-28,944.0,916.0,180,1,21.0,8,1
1430,0.0,3,905.0,908.0,600,0,23.0,8,1
1431,0.0,-4,903.0,899.0,600,0,9.0,9,2
1432,1.0,-40,931.0,891.0,180,1,10.0,9,2
1433,1.0,-9,909.0,900.0,180,0,10.0,9,2
1434,0.5,-26,935.0,909.0,600,1,11.0,9,2
1435,0.0,-64,974.0,910.0,180,0,14.0,9,2
1436,1.0,57,846.0,903.0,600,1,15.0,9,2
1437,0.0,16,894.0,910.0,300,0,18.0,9,2
1438,0.0,-34,935.0,901.0,600,1,8.0,10,3
1439,1.0,20,873.0,893.0,180,1,9.0,10,3
1440,0.0,-3,904.0,901.0,180,1,10.0,10,3
1441,1.0,22,871.0,893.0,180,0,10.0,10,3
1442,1.0,12,889.0,901.0,180,0,15.0,10,3
1443,0.0,-24,933.0,909.0,180,0,16.0,10,3
1444,0.0,36,865.0,901.0,180,1,17.0,10,3
1445,0.0,-21,913.0,892.0,300,1,17.0,10,3
1446,1.0,-12,896.0,884.0,300,0,17.0,10,3
1447,1.0,4,889.0,893.0,300,1,18.0,10,3
1448,0.0,-59,960.0,901.0,600,0,20.0,10,3
1449,1.0,49,845.0,894.0,300,0,8.0,11,4
1450,0.0,-107,1008.0,901.0,300,0,9.0,11,4
1451,0.0,-119,1014.0,895.0,300,1,9.0,11,4
1452,0.0,-61,950.0,889.0,300,1,10.0,11,4
1453,1.0,36,846.0,882.0,300,1,11.0,11,4
1454,0.0,-22,912.0,890.0,300,1,12.0,11,4
1455,0.0,2,880.0,882.0,300,0,14.0,11,4
1456,0.0,14,860.0,874.0,300,1,14.0,11,4
1457,0.5,-1,866.0,865.0,600,0,16.0,11,4
1458,0.0,26,839.0,865.0,600,0,16.0,11,4
1459,0.0,30,826.0,856.0,600,0,16.0,11,4
1460,0.0,-24,871.0,847.0,300,1,8.0,12,5
1461,1.0,75,764.0,839.0,600,0,13.0,12,5
1462,1.0,62,784.0,846.0,600,1,14.0,12,5
1463,0.5,44,809.0,853.0,180,1,14.0,12,5
1464,1.0,-8,860.0,852.0,600,1,19.0,12,5
1465,1.0,7,854.0,861.0,600,0,11.0,13,6
1466,0.0,-99,968.0,869.0,180,0,12.0,13,6
1467,1.0,34,829.0,863.0,300,1,13.0,13,6
1468,1.0,59,812.0,871.0,300,0,14.0,13,6
1469,0.0,-19,897.0,878.0,600,0,16.0,13,6
1470,1.0,57,813.0,870.0,600,0,22.0,13,6
1471,1.0,-1,878.0,877.0,600,1,22.0,13,6
1472,0.0,-24,909.0,885.0,300,0,7.0,14,0
1473,0.0,-14,891.0,877.0,300,1,7.0,14,0
1474,0.0,15,854.0,869.0,300,0,8.0,14,0
1475,1.0,96,764.0,860.0,180,1,10.0,14,0
1476,1.0,-2,868.0,866.0,180,1,10.0,14,0
1477,1.0,-82,956.0,874.0,300,1,13.0,14,0
1478,0.0,-31,915.0,884.0,600,1,15.0,14,0
1479,0.0,-5,881.0,876.0,600,0,8.0,15,1
1480,1.0,-11,879.0,868.0,600,0,11.0,15,1
1481,1.0,-3,880.0,877.0,180,0,13.0,15,1
1482,1.0,128,757.0,885.0,180,1,13.0,15,1
1483,1.0,38,852.0,890.0,600,0,19.0,15,1
1484,0.0,-52,949.0,897.0,600,0,19.0,15,1
1485,0.5,44,846.0,890.0,300,1,7.0,16,2
1486,1.0,63,826.0,889.0,600,1,9.0,16,2
1487,0.0,-13,909.0,896.0,300,1,11.0,16,2
1488,0.0,-51,939.0,888.0,180,0,12.0,16,2
1489,0.0,-13,894.0,881.0,300,1,13.0,16,2
1490,0.0,-28,901.0,873.0,600,1,16.0,16,2
1491,1.0,27,838.0,865.0,300,0,16.0,16,2
1492,0.0,-40,913.0,873.0,180,0,17.0,16,2
1493,0.0,-84,950.0,866.0,180,0,17.0,16,2
1494,1.0,36,824.0,860.0,300,1,7.0,17,3
1495,0.0,-73,941.0,868.0,180,0,11.0,17,3
1496,0.0,-63,924.0,861.0,180,0,14.0,17,3
1497,1.0,-8,862.0,854.0,600,0,18.0,17,3
1498,0.0,61,802.0,863.0,600,1,8.0,18,4
1499,1.0,-59,912.0,853.0,300,1,9.0,18,4
1500,0.0,-41,904.0,863.0,600,1,12.0,18,4
1501,1.0,4,852.0,856.0,180,0,13.0,18,4
1502,1.0,-75,939.0,864.0,180,1,13.0,18,4
1503,0.0,-16,890.0,874.0,180,1,13.0,18,4
1504,0.0,-33,899.0,866.0,600,0,18.0,18,4
1505,1.0,-4,862.0,858.0,600,0,11.0,19,5
1506,1.0,26,841.0,867.0,600,1,11.0,19,5
1507,0.0,-88,963.0,875.0,300,0,11.0,19,5
1508,1.0,-15,884.0,869.0,300,0,12.0,19,5
1509,0.0,-70,948.0,878.0,600,0,12.0,19,5
1510,1.0,34,837.0,871.0,600,1,13.0,19,5
1511,0.0,14,865.0,879.0,600,0,19.0,19,5
1512,0.0,5,865.0,870.0,600,1,20.0,19,5
1513,1.0,78,783.0,861.0,600,1,11.0,20,6
1514,1.0,-19,887.0,868.0,600,0,11.0,20,6
1515,0.5,-20,897.0,877.0,600,1,13.0,20,6
1516,0.0,-34,911.0,877.0,600,1,14.0,20,6
1517,0.5,-1,870.0,869.0,600,0,16.0,20,6
1518,1.0,47,822.0,869.0,600,1,16.0,20,6
1519,1.0,-235,1111.0,876.0,300,0,16.0,20,6
1520,0.0,-669,1558.0,889.0,300,1,16.0,20,6
1521,1.0,206,683.0,889.0,300,0,16.0,20,6
1522,0.0,-386,1279.0,893.0,300,0,17.0,20,6
1523,0.0,-163,1054.0,891.0,300,0,17.0,20,6
1524,0.0,-710,1596.0,886.0,300,1,17.0,20,6
1525,0.0,-683,1569.0,886.0,300,0,17.0,20,6
1526,1.0,37,849.0,886.0,600,1,22.0,20,6
1527,1.0,102,791.0,893.0,600,1,22.0,20,6
1528,1.0,64,835.0,899.0,600,0,7.0,21,0
1529,1.0,33,873.0,906.0,600,1,7.0,21,0
1530,0.0,-8,922.0,914.0,180,1,8.0,21,0
1531,1.0,77,829.0,906.0,600,1,11.0,21,0
1532,0.0,-20,933.0,913.0,600,0,14.0,21,0
1533,0.0,-23,928.0,905.0,600,0,14.0,21,0
1534,0.0,-172,1069.0,897.0,180,0,16.0,21,0
1535,0.0,-17,910.0,893.0,600,1,18.0,21,0
1536,1.0,47,838.0,885.0,600,0,22.0,21,0
1537,1.0,44,848.0,892.0,600,0,8.0,22,1
1538,0.0,-51,950.0,899.0,600,1,9.0,22,1
1539,1.0,29,863.0,892.0,600,1,14.0,22,1
1540,1.0,31,869.0,900.0,600,0,14.0,22,1
1541,0.0,12,896.0,908.0,600,1,16.0,22,1
1542,0.0,-481,1380.0,899.0,180,0,19.0,22,1
1543,0.0,-561,1459.0,898.0,180,0,19.0,22,1
1544,0.0,-884,1781.0,897.0,180,1,19.0,22,1
1545,0.0,-140,1037.0,897.0,180,0,19.0,22,1
1546,0.0,-62,954.0,892.0,600,1,7.0,23,2
1547,1.0,-12,897.0,885.0,600,1,10.0,23,2
1548,0.0,-234,1128.0,894.0,300,0,12.0,23,2
1549,0.0,-114,1005.0,891.0,180,1,12.0,23,2
1550,0.0,-12,897.0,885.0,600,0,15.0,23,2
1551,0.0,-260,1137.0,877.0,180,1,17.0,23,2
1552,0.0,-888,1762.0,874.0,180,0,17.0,23,2
1553,0.0,-214,1088.0,874.0,180,0,17.0,23,2
1554,1.0,217,653.0,870.0,600,0,20.0,23,2
1555,1.0,-21,897.0,876.0,600,1,20.0,23,2
1556,0.5,-95,980.0,885.0,300,0,7.0,24,3
1557,1.0,7,880.0,887.0,600,0,10.0,24,3
1558,1.0,-2,897.0,895.0,600,1,10.0,24,3
1559,1.0,-29,932.0,903.0,600,1,11.0,24,3
1560,1.0,56,856.0,912.0,600,1,15.0,24,3
1561,0.5,24,895.0,919.0,600,0,8.0,25,4
1562,1.0,25,893.0,918.0,300,1,11.0,25,4
1563,1.0,-51,977.0,926.0,600,0,19.0,25,4
1564,0.0,-6,942.0,936.0,600,1,21.0,25,4
1565,0.0,-35,963.0,928.0,300,0,10.0,26,5
1566,1.0,16,904.0,920.0,600,0,19.0,26,5
1567,0.0,0,928.0,928.0,600,1,19.0,26,5
1568,0.0,-21,941.0,920.0,600,0,21.0,26,5
1569,1.0,92,820.0,912.0,600,1,10.0,27,6
1570,1.0,16,902.0,918.0,600,0,12.0,27,6
1571,1.0,37,889.0,926.0,600,1,14.0,27,6
1572,0.0,-34,967.0,933.0,600,1,21.0,27,6
1573,0.0,-37,962.0,925.0,600,1,23.0,29,1
1574,0.0,2,916.0,918.0,600,0,12.0,30,2
1575,0.0,0,910.0,910.0,600,1,10.0,1,4
1576,1.0,22,880.0,902.0,600,0,13.0,2,5
1577,0.0,-44,954.0,910.0,600,0,15.0,2,5
1578,0.0,30,873.0,903.0,600,0,17.0,2,5
1579,1.0,-13,907.0,894.0,600,1,21.0,2,5
1580,1.0,38,865.0,903.0,600,1,15.0,3,6
1581,1.0,85,826.0,911.0,600,0,17.0,3,6
1582,0.0,-36,953.0,917.0,600,0,18.0,3,6
1583,0.0,-40,949.0,909.0,600,1,20.0,3,6
1584,1.0,10,892.0,902.0,600,1,12.0,4,0
1585,0.0,29,881.0,910.0,300,0,12.0,4,0
1586,0.0,-61,962.0,901.0,600,0,19.0,4,0
1587,1.0,-13,907.0,894.0,600,1,11.0,5,1
1588,0.0,26,877.0,903.0,600,1,20.0,5,1
1589,1.0,-76,970.0,894.0,600,0,21.0,5,1
1590,1.0,76,828.0,904.0,600,0,21.0,5,1
1591,0.0,-52,963.0,911.0,300,1,8.0,6,2
1592,0.0,-64,968.0,904.0,600,0,10.0,6,2
1593,1.0,2,895.0,897.0,600,1,11.0,7,3
1594,0.0,-60,966.0,906.0,600,0,13.0,7,3
1595,1.0,29,870.0,899.0,600,1,18.0,7,3
1596,1.0,29,878.0,907.0,600,0,18.0,7,3
1597,0.0,-31,946.0,915.0,600,1,18.0,7,3
1598,1.0,-26,933.0,907.0,600,1,21.0,7,3
1599,0.0,-29,945.0,916.0,180,1,11.0,8,4
1600,1.0,76,832.0,908.0,600,0,17.0,8,4
1601,0.0,-24,939.0,915.0,600,0,22.0,8,4
1602,1.0,51,856.0,907.0,600,1,14.0,9,5
1603,1.0,15,899.0,914.0,600,0,15.0,9,5
1604,0.0,-19,941.0,922.0,600,1,13.0,10,6
1605,1.0,-10,924.0,914.0,600,0,19.0,10,6
1606,0.0,-40,963.0,923.0,600,0,20.0,10,6
1607,0.0,41,875.0,916.0,600,0,19.0,11,0
1608,1.0,48,859.0,907.0,600,1,19.0,11,0
1609,1.0,8,906.0,914.0,600,0,14.0,12,1
1610,0.0,-34,956.0,922.0,600,1,19.0,12,1
1611,1.0,58,856.0,914.0,600,1,20.0,12,1
1612,0.0,-75,996.0,921.0,600,1,19.0,13,2
1613,0.0,70,844.0,914.0,600,1,19.0,13,2
1614,1.0,158,746.0,904.0,600,0,20.0,13,2
1615,0.0,-15,924.0,909.0,600,0,20.0,13,2
1616,0.5,-27,928.0,901.0,600,1,13.0,14,3
1617,1.0,-11,913.0,902.0,600,0,20.0,14,3
1618,0.0,32,879.0,911.0,600,0,20.0,14,3
1619,0.0,-63,965.0,902.0,600,1,8.0,15,4
1620,1.0,29,866.0,895.0,600,1,21.0,15,4
1621,0.0,-63,966.0,903.0,600,0,21.0,15,4
1622,1.0,51,845.0,896.0,600,0,21.0,15,4
1623,1.0,-20,923.0,903.0,600,1,15.0,16,5
1624,1.0,41,871.0,912.0,600,1,15.0,16,5
1625,1.0,57,862.0,919.0,600,0,9.0,17,6
1626,1.0,71,855.0,926.0,600,1,9.0,17,6
1627,0.0,43,890.0,933.0,600,0,14.0,17,6
1628,1.0,11,913.0,924.0,600,1,14.0,17,6
1629,0.0,-75,1007.0,932.0,600,0,16.0,17,6
1630,0.0,-59,984.0,925.0,600,1,20.0,17,6
1631,0.0,17,901.0,918.0,600,0,21.0,17,6
1632,1.0,24,885.0,909.0,300,1,11.0,18,0
1633,1.0,-24,941.0,917.0,600,1,12.0,18,0
1634,1.0,45,881.0,926.0,600,0,20.0,18,0
1635,1.0,-34,967.0,933.0,600,1,20.0,18,0
1636,1.0,-2,944.0,942.0,600,1,21.0,18,0
1637,0.0,18,932.0,950.0,600,0,9.0,19,1
1638,0.0,56,885.0,941.0,600,0,17.0,19,1
1639,1.0,-53,984.0,931.0,600,0,18.0,19,1
1640,1.0,72,869.0,941.0,600,1,18.0,19,1
1641,0.0,-23,971.0,948.0,600,0,20.0,19,1
1642,0.5,-58,998.0,940.0,600,0,21.0,19,1
1643,0.5,-14,955.0,941.0,300,1,21.0,19,1
1644,0.0,-33,974.0,941.0,600,1,18.0,20,2
1645,1.0,32,901.0,933.0,600,1,19.0,20,2
1646,0.0,-37,978.0,941.0,600,1,22.0,20,2
1647,1.0,82,852.0,934.0,300,0,22.0,20,2
1648,0.0,-63,1003.0,940.0,600,0,19.0,21,3
1649,0.0,8,925.0,933.0,600,0,18.0,22,4
1650,0.0,32,892.0,924.0,600,1,18.0,22,4
1651,0.0,-34,949.0,915.0,600,1,18.0,22,4
1652,0.0,29,878.0,907.0,600,0,10.0,23,5
1653,0.0,-6,904.0,898.0,600,0,10.0,23,5
1654,0.0,51,839.0,890.0,300,1,15.0,23,5
1655,1.0,61,819.0,880.0,600,0,16.0,23,5
1656,1.0,59,828.0,887.0,600,1,16.0,23,5
1657,1.0,-12,906.0,894.0,600,0,17.0,23,5
1658,1.0,29,874.0,903.0,600,1,17.0,23,5
1659,1.0,2,909.0,911.0,600,0,17.0,23,5
1660,0.0,-176,1095.0,919.0,300,1,22.0,23,5
1661,0.0,27,887.0,914.0,300,0,22.0,23,5
1662,0.0,-36,941.0,905.0,300,0,22.0,23,5
1663,1.0,-30,927.0,897.0,600,1,14.0,24,6
1664,1.0,6,900.0,906.0,600,0,14.0,24,6
1665,1.0,14,900.0,914.0,600,1,17.0,24,6
1666,0.0,-27,949.0,922.0,600,0,18.0,24,6
1667,1.0,10,904.0,914.0,600,1,18.0,24,6
1668,0.0,10,912.0,922.0,600,0,19.0,24,6
1669,1.0,11,902.0,913.0,600,1,19.0,24,6
1670,0.0,20,901.0,921.0,600,1,19.0,24,6
1671,0.5,18,894.0,912.0,600,1,20.0,24,6
1672,0.0,28,884.0,912.0,600,0,21.0,24,6
1673,1.0,-21,924.0,903.0,600,0,19.0,25,0
1674,1.0,36,876.0,912.0,600,1,19.0,25,0
1675,0.0,-62,981.0,919.0,600,0,20.0,25,0
1676,0.0,-27,939.0,912.0,600,0,12.0,26,1
1677,0.0,-41,945.0,904.0,600,0,14.0,27,2
1678,0.0,-17,914.0,897.0,600,1,21.0,27,2
1679,0.0,40,849.0,889.0,600,0,21.0,27,2
1680,1.0,-18,898.0,880.0,600,1,11.0,28,3
1681,0.0,21,868.0,889.0,600,1,11.0,28,3
1682,1.0,-17,897.0,880.0,600,0,13.0,28,3
1683,0.0,-97,986.0,889.0,300,1,13.0,29,4
1684,1.0,-46,929.0,883.0,600,1,20.0,29,4
1685,0.5,-56,948.0,892.0,600,1,21.0,29,4
1686,1.0,65,828.0,893.0,600,1,21.0,29,4
1687,0.0,8,892.0,900.0,600,0,22.0,29,4
1688,0.5,-12,903.0,891.0,600,0,9.0,30,5
1689,1.0,150,741.0,891.0,600,0,9.0,30,5
1690,0.0,-55,951.0,896.0,600,1,10.0,30,5
1691,1.0,-16,905.0,889.0,600,0,15.0,30,5
1692,0.0,-1,899.0,898.0,600,0,16.0,30,5
1693,1.0,24,866.0,890.0,600,1,16.0,30,5
1694,0.0,-60,958.0,898.0,300,1,16.0,30,5
1695,1.0,-15,906.0,891.0,600,1,7.0,1,6
1696,1.0,-2,902.0,900.0,180,0,14.0,1,6
1697,0.0,19,889.0,908.0,180,1,12.0,2,0
1698,0.0,18,881.0,899.0,180,1,12.0,2,0
1699,1.0,23,867.0,890.0,600,0,13.0,2,0
1700,0.0,66,832.0,898.0,600,1,20.0,2,0
1701,0.0,-34,922.0,888.0,600,0,20.0,2,0
1702,1.0,62,818.0,880.0,300,0,13.0,3,1
1703,0.0,-54,941.0,887.0,600,0,13.0,3,1
1704,0.0,13,867.0,880.0,600,1,18.0,3,1
1705,0.0,15,856.0,871.0,600,0,9.0,4,2
1706,1.0,41,821.0,862.0,600,0,10.0,4,2
1707,1.0,-30,899.0,869.0,600,1,18.0,4,2
1708,1.0,150,728.0,878.0,600,1,18.0,4,2
1709,1.0,49,834.0,883.0,600,1,18.0,4,2
1710,1.0,39,851.0,890.0,600,1,22.0,4,2
1711,1.0,65,832.0,897.0,600,1,22.0,4,2
1712,1.0,4,900.0,904.0,600,0,23.0,4,2
1713,1.0,-21,933.0,912.0,600,0,0.0,5,3
1714,0.0,-98,1019.0,921.0,600,0,14.0,5,3
1715,1.0,73,842.0,915.0,600,1,21.0,5,3
1716,0.0,-50,972.0,922.0,180,0,12.0,6,4
1717,1.0,26,889.0,915.0,600,0,18.0,6,4
1718,1.0,24,899.0,923.0,600,0,19.0,6,4
1719,1.0,9,922.0,931.0,600,1,20.0,6,4
1720,0.0,24,915.0,939.0,600,1,21.0,6,4
1721,1.0,39,891.0,930.0,600,1,11.0,7,5
1722,0.0,-55,992.0,937.0,600,1,15.0,7,5
1723,1.0,-11,941.0,930.0,600,1,13.0,8,6
1724,0.0,31,908.0,939.0,600,1,13.0,8,6
1725,1.0,-32,962.0,930.0,600,0,14.0,8,6
1726,1.0,60,879.0,939.0,600,0,16.0,8,6
1727,0.0,31,915.0,946.0,600,0,16.0,8,6
1728,0.0,-52,989.0,937.0,600,1,16.0,8,6
1729,0.0,-6,936.0,930.0,600,0,22.0,8,6
1730,0.0,-37,959.0,922.0,600,1,18.0,9,0
1731,1.0,34,881.0,915.0,300,0,18.0,9,0
1732,1.0,52,871.0,923.0,600,1,12.0,10,1
1733,1.0,-9,939.0,930.0,600,0,22.0,10,1
1734,0.0,-154,1093.0,939.0,600,1,23.0,10,1
1735,1.0,20,914.0,934.0,600,1,6.0,11,2
1736,0.0,-40,982.0,942.0,600,1,13.0,11,2
1737,1.0,15,920.0,935.0,600,0,20.0,11,2
1738,0.0,-44,987.0,943.0,600,0,22.0,11,2
1739,0.0,39,897.0,936.0,180,1,10.0,12,3
1740,1.0,43,884.0,927.0,600,1,12.0,12,3
1741,0.0,0,934.0,934.0,600,0,13.0,12,3
1742,0.0,2,924.0,926.0,600,0,18.0,12,3
1743,1.0,48,870.0,918.0,600,0,18.0,12,3
1744,1.0,-40,965.0,925.0,600,1,23.0,13,4
1745,0.0,29,905.0,934.0,600,1,12.0,13,4
1746,1.0,8,917.0,925.0,600,1,17.0,13,4
1747,0.5,7,926.0,933.0,300,0,21.0,13,4
1748,0.0,-49,982.0,933.0,300,0,21.0,13,4
1749,0.0,-28,954.0,926.0,600,1,23.0,13,4
1750,0.0,-65,983.0,918.0,300,1,11.0,14,5
1751,1.0,-1,912.0,911.0,300,1,12.0,14,5
1752,1.0,1,918.0,919.0,600,0,16.0,14,5
1753,0.5,-545,1472.0,927.0,300,0,16.0,14,5
1754,1.0,343,591.0,934.0,300,0,16.0,14,5
1755,0.0,-600,1536.0,936.0,300,1,16.0,14,5
1756,1.0,141,794.0,935.0,300,0,17.0,14,5
1757,1.0,-339,1281.0,942.0,300,1,17.0,14,5
1758,0.0,-682,1638.0,956.0,300,0,17.0,14,5
1759,0.0,-102,1058.0,956.0,300,1,17.0,14,5
1760,1.0,300,650.0,950.0,300,0,17.0,14,5
1761,0.0,-385,1338.0,953.0,300,0,17.0,14,5
1762,0.0,-408,1359.0,951.0,300,1,17.0,14,5
1763,0.0,-343,1293.0,950.0,300,0,17.0,14,5
1764,0.0,-695,1643.0,948.0,300,1,18.0,14,5
1765,1.0,38,923.0,961.0,600,0,8.0,15,6
1766,0.0,17,952.0,969.0,600,1,9.0,15,6
1767,0.0,-24,984.0,960.0,600,0,9.0,15,6
1768,1.0,-4,956.0,952.0,600,1,15.0,15,6
1769,0.0,22,939.0,961.0,600,1,15.0,15,6
1770,1.0,44,908.0,952.0,600,0,15.0,15,6
1771,1.0,39,920.0,959.0,600,1,18.0,15,6
1772,1.0,-16,982.0,966.0,600,0,0.0,16,0
1773,1.0,-47,1022.0,975.0,600,0,0.0,16,0
1774,0.0,-8,993.0,985.0,600,1,10.0,16,0
1775,0.0,-65,1042.0,977.0,600,1,11.0,16,0
1776,0.0,35,935.0,970.0,600,0,13.0,16,0
1777,1.0,2,959.0,961.0,600,1,18.0,16,0
1778,0.0,-26,995.0,969.0,300,1,18.0,16,0
1779,0.0,-25,986.0,961.0,600,1,21.0,16,0
1780,0.0,-44,997.0,953.0,600,0,10.0,17,1
1781,0.0,-21,967.0,946.0,600,1,13.0,17,1
1782,1.0,11,927.0,938.0,600,0,15.0,17,1
1783,1.0,10,936.0,946.0,600,0,18.0,17,1
1784,1.0,-16,970.0,954.0,300,0,11.0,18,2
1785,1.0,45,918.0,963.0,600,1,16.0,18,2
1786,1.0,37,933.0,970.0,300,0,19.0,18,2
1787,1.0,94,884.0,978.0,600,0,20.0,18,2
1788,0.0,-60,1044.0,984.0,600,1,0.0,19,3
1789,1.0,44,933.0,977.0,600,1,10.0,19,3
1790,0.5,17,967.0,984.0,600,1,12.0,19,3
1791,0.0,-65,1049.0,984.0,600,0,14.0,19,3
1792,1.0,37,940.0,977.0,600,0,15.0,19,3
1793,1.0,37,947.0,984.0,600,0,0.0,20,4
1794,0.0,-57,1048.0,991.0,600,0,11.0,20,4
1795,0.0,22,962.0,984.0,300,1,12.0,20,4
1796,0.0,-56,1031.0,975.0,600,0,13.0,20,4
1797,1.0,52,916.0,968.0,600,1,16.0,20,4
1798,0.0,429,546.0,975.0,300,0,16.0,20,4
1799,1.0,212,748.0,960.0,300,1,16.0,20,4
1800,0.0,105,859.0,964.0,300,1,16.0,20,4
1801,0.0,-251,1204.0,953.0,300,1,17.0,20,4
1802,0.0,-1,951.0,950.0,300,1,2.0,21,5
1803,1.0,71,871.0,942.0,600,0,12.0,21,5
1804,0.0,-41,990.0,949.0,600,0,12.0,21,5
1805,0.0,-41,983.0,942.0,600,0,16.0,21,5
1806,0.5,14,921.0,935.0,300,1,19.0,21,5
1807,1.0,58,877.0,935.0,600,0,23.0,21,5
1808,1.0,-9,951.0,942.0,600,0,12.0,22,6
1809,1.0,54,897.0,951.0,600,1,13.0,22,6
1810,1.0,54,905.0,959.0,600,0,17.0,22,6
1811,1.0,47,919.0,966.0,600,0,22.0,22,6
1812,0.0,-2,975.0,973.0,600,1,23.0,22,6
1813,0.0,-42,1006.0,964.0,600,1,18.0,23,0
1814,0.0,-38,995.0,957.0,600,1,22.0,23,0
1815,0.0,-1,950.0,949.0,300,1,18.0,24,1
1816,0.0,21,920.0,941.0,600,0,19.0,25,2
1817,0.0,-64,996.0,932.0,600,1,21.0,26,3
1818,0.0,-695,1620.0,925.0,600,0,15.0,27,4
1819,0.0,-696,1621.0,925.0,600,1,15.0,27,4
1820,0.0,-9,934.0,925.0,600,0,11.0,28,5
1821,0.0,-46,963.0,917.0,300,0,16.0,29,6
1822,1.0,38,872.0,910.0,600,1,23.0,29,6
1823,0.0,-31,948.0,917.0,600,0,9.0,31,1
1824,1.0,63,846.0,909.0,300,1,17.0,31,1
1825,0.0,-29,945.0,916.0,300,1,18.0,31,1
1826,0.0,2,906.0,908.0,600,1,17.0,2,3
1827,1.0,7,893.0,900.0,600,1,20.0,3,4
1828,0.0,-36,944.0,908.0,600,0,12.0,4,5
1829,1.0,28,873.0,901.0,600,0,23.0,4,5
1830,1.0,24,885.0,909.0,600,0,15.0,5,6
1831,1.0,39,878.0,917.0,600,0,18.0,6,0
1832,1.0,55,869.0,924.0,300,0,12.0,7,1
1833,0.0,-43,974.0,931.0,600,1,12.0,7,1
1834,0.0,-46,970.0,924.0,600,0,0.0,8,2
1835,1.0,64,853.0,917.0,300,1,12.0,8,2
1836,0.0,-31,955.0,924.0,600,1,16.0,8,2
1837,1.0,99,817.0,916.0,600,0,20.0,8,2
1838,1.0,10,913.0,923.0,600,1,20.0,8,2
1839,1.0,47,884.0,931.0,600,1,12.0,9,3
1840,0.0,5,933.0,938.0,300,1,12.0,10,4
1841,1.0,-20,950.0,930.0,600,1,9.0,11,5
1842,0.0,25,914.0,939.0,600,0,14.0,11,5
1843,1.0,15,915.0,930.0,600,1,11.0,12,6
1844,0.0,1,937.0,938.0,300,0,15.0,12,6
1845,1.0,2,927.0,929.0,600,0,18.0,12,6
1846,1.0,82,855.0,937.0,600,1,21.0,12,6
1847,1.0,28,915.0,943.0,600,1,11.0,13,0
1848,1.0,21,930.0,951.0,600,1,12.0,13,0
1849,1.0,22,937.0,959.0,600,0,17.0,13,0
1850,0.0,-60,1027.0,967.0,600,0,19.0,13,0
1851,1.0,48,912.0,960.0,600,1,13.0,14,1
1852,1.0,-8,975.0,967.0,300,1,17.0,14,1
1853,0.0,-60,1036.0,976.0,300,0,15.0,15,2
1854,1.0,-30,999.0,969.0,300,1,15.0,15,2
1855,0.0,-35,1013.0,978.0,300,0,16.0,15,2
1856,0.0,-38,1008.0,970.0,600,0,19.0,15,2
1857,0.0,25,938.0,963.0,600,0,21.0,15,2
1858,0.0,32,922.0,954.0,300,1,16.0,16,3
1859,1.0,36,909.0,945.0,600,1,17.0,16,3
1860,1.0,37,916.0,953.0,600,0,17.0,16,3
1861,0.0,21,940.0,961.0,600,1,19.0,16,3
1862,1.0,-25,977.0,952.0,600,1,13.0,17,4
1863,1.0,17,944.0,961.0,600,0,14.0,17,4
1864,1.0,79,890.0,969.0,600,0,15.0,17,4
1865,0.0,20,956.0,976.0,600,1,19.0,17,4
1866,1.0,-1,968.0,967.0,600,1,15.0,18,5
1867,0.0,-7,982.0,975.0,600,0,15.0,18,5
1868,1.0,-16,983.0,967.0,600,0,7.0,19,6
1869,0.0,-33,1009.0,976.0,600,1,16.0,19,6
1870,1.0,13,955.0,968.0,600,1,17.0,19,6
1871,0.0,50,926.0,976.0,300,0,11.0,20,0
1872,1.0,83,883.0,966.0,300,0,11.0,20,0
1873,0.0,27,945.0,972.0,600,0,19.0,20,0
1874,1.0,31,932.0,963.0,600,0,10.0,21,1
1875,1.0,-167,1138.0,971.0,300,1,10.0,21,1
1876,0.5,42,941.0,983.0,600,1,14.0,21,1
1877,1.0,9,973.0,982.0,300,0,14.0,21,1
1878,0.0,-109,1099.0,990.0,300,0,17.0,21,1
1879,0.0,-63,1047.0,984.0,300,1,17.0,21,1
1880,1.0,60,917.0,977.0,600,1,19.0,21,1
1881,0.0,-53,1037.0,984.0,600,1,9.0,22,2
1882,0.0,-59,1036.0,977.0,300,0,11.0,22,2
1883,1.0,51,919.0,970.0,600,0,12.0,22,2
1884,0.5,49,928.0,977.0,600,1,13.0,22,2
1885,1.0,27,949.0,976.0,600,0,14.0,22,2
1886,1.0,56,928.0,984.0,600,1,15.0,22,2
1887,1.0,-6,997.0,991.0,300,1,16.0,22,2
1888,1.0,120,880.0,1000.0,600,0,13.0,23,3
1889,0.0,-31,1037.0,1006.0,300,0,16.0,23,3
1890,0.0,-43,1041.0,998.0,300,1,16.0,23,3
1891,0.0,-86,1077.0,991.0,300,1,16.0,23,3
1892,0.0,-16,1001.0,985.0,600,0,19.0,24,4
1893,0.0,-13,990.0,977.0,600,0,21.0,24,4
1894,0.0,6,963.0,969.0,600,0,16.0,25,5
1895,0.0,95,865.0,960.0,300,1,18.0,25,5
1896,0.5,51,898.0,949.0,600,1,8.0,26,6
1897,0.5,79,869.0,948.0,600,1,8.0,26,6
1898,0.0,4,942.0,946.0,600,1,8.0,26,6
1899,1.0,64,873.0,937.0,600,0,8.0,26,6
1900,1.0,-27,971.0,944.0,600,0,8.0,26,6
1901,1.0,-66,1019.0,953.0,600,1,12.0,26,6
1902,1.0,53,910.0,963.0,600,0,21.0,27,0
1903,0.0,-7,977.0,970.0,600,1,23.0,27,0
1904,1.0,-12,974.0,962.0,600,0,13.0,28,1
1905,0.0,-84,1055.0,971.0,600,0,14.0,28,1
1906,1.0,-6,971.0,965.0,600,0,19.0,28,1
1907,1.0,-5,979.0,974.0,600,1,19.0,28,1
1908,1.0,74,908.0,982.0,600,1,12.0,29,2
1909,1.0,40,949.0,989.0,600,1,12.0,29,2
1910,1.0,41,956.0,997.0,600,0,18.0,29,2
1911,0.5,-57,1061.0,1004.0,600,1,19.0,29,2
1912,1.0,18,987.0,1005.0,600,1,11.0,30,3
1913,0.5,-33,1046.0,1013.0,600,1,16.0,30,3
1914,0.0,20,994.0,1014.0,600,0,16.0,30,3
1915,0.0,-6,1011.0,1005.0,600,0,19.0,30,3
1916,0.0,14,983.0,997.0,600,1,19.0,30,3
1917,1.0,-81,1069.0,988.0,600,0,19.0,30,3
1918,0.0,-31,1029.0,998.0,600,0,7.0,31,4
1919,1.0,1,989.0,990.0,300,1,8.0,31,4
1920,0.0,-29,1027.0,998.0,600,1,17.0,31,4
1921,0.0,-18,1008.0,990.0,600,0,18.0,31,4
1922,0.0,-56,1038.0,982.0,600,1,19.0,31,4
1923,0.0,-41,1016.0,975.0,600,0,11.0,1,5
1924,1.0,32,936.0,968.0,600,0,8.0,2,6
1925,1.0,0,976.0,976.0,600,1,9.0,2,6
1926,0.0,-33,1017.0,984.0,600,0,9.0,2,6
1927,0.0,-70,1046.0,976.0,600,1,18.0,2,6
1928,0.0,-52,1021.0,969.0,600,1,23.0,2,6
1929,1.0,-26,988.0,962.0,600,0,15.0,3,0
1930,1.0,-44,1015.0,971.0,300,1,0.0,4,1
1931,0.0,-42,1022.0,980.0,600,1,22.0,4,1
1932,0.0,-1,974.0,973.0,600,0,0.0,5,2
1933,1.0,67,898.0,965.0,600,0,13.0,7,4
1934,1.0,42,930.0,972.0,600,1,13.0,7,4
1935,0.0,-32,1011.0,979.0,600,0,9.0,8,5
1936,0.0,-51,1022.0,971.0,600,0,9.0,8,5
1937,0.0,-32,996.0,964.0,600,1,9.0,8,5
1938,0.0,-50,1006.0,956.0,600,0,16.0,8,5
1939,0.5,-20,969.0,949.0,600,1,16.0,8,5
1940,0.5,-17,966.0,949.0,600,0,10.0,9,6
1941,1.0,-23,972.0,949.0,600,1,10.0,9,6
1942,1.0,42,916.0,958.0,600,1,17.0,9,6
1943,0.0,5,960.0,965.0,600,1,18.0,9,6
1944,0.0,-14,970.0,956.0,300,1,10.0,10,0
1945,0.0,2,946.0,948.0,600,0,14.0,10,0
1946,0.0,-17,957.0,940.0,600,1,14.0,10,0
1947,0.5,-8,940.0,932.0,300,0,14.0,10,0
1948,1.0,80,852.0,932.0,300,0,14.0,10,0
1949,0.0,-704,1642.0,938.0,300,0,14.0,10,0
1950,1.0,547,391.0,938.0,300,1,14.0,10,0
1951,0.0,-159,1098.0,939.0,300,1,15.0,10,0
1952,0.0,-311,1245.0,934.0,300,0,15.0,10,0
1953,1.0,-15,947.0,932.0,300,0,15.0,10,0
1954,0.0,-591,1532.0,941.0,300,1,15.0,10,0
1955,1.0,40,900.0,940.0,300,0,15.0,10,0
1956,1.0,-56,1003.0,947.0,300,1,15.0,10,0
1957,0.0,-589,1546.0,957.0,300,1,15.0,10,0
1958,1.0,236,720.0,956.0,300,0,16.0,10,0
1959,1.0,307,652.0,959.0,300,1,16.0,10,0
1960,1.0,282,679.0,961.0,300,0,16.0,10,0
1961,1.0,-367,1331.0,964.0,300,1,16.0,10,0
1962,0.0,-575,1553.0,978.0,300,0,16.0,10,0
1963,1.0,-200,1177.0,977.0,300,1,16.0,10,0
1964,1.0,24,966.0,990.0,600,1,20.0,10,0
1965,1.0,31,967.0,998.0,600,0,22.0,10,0
1966,1.0,55,951.0,1006.0,600,0,14.0,11,1
1967,1.0,28,985.0,1013.0,300,0,23.0,11,1
1968,0.0,235,786.0,1021.0,300,1,11.0,13,3
1969,1.0,38,970.0,1008.0,300,0,11.0,13,3
1970,0.5,-30,1045.0,1015.0,300,1,11.0,13,3
1971,1.0,48,968.0,1016.0,600,0,12.0,13,3
1972,0.0,22,1001.0,1023.0,600,1,22.0,13,3
1973,0.0,10,1004.0,1014.0,600,0,12.0,14,4
1974,0.5,22,983.0,1005.0,600,1,12.0,14,4
1975,1.0,0,1004.0,1004.0,300,1,14.0,14,4
1976,0.5,-28,1040.0,1012.0,600,0,19.0,14,4
1977,1.0,51,962.0,1013.0,600,1,20.0,14,4
1978,0.0,-45,1065.0,1020.0,600,0,22.0,14,4
1979,0.0,-62,1075.0,1013.0,600,0,22.0,14,4
1980,1.0,19,987.0,1006.0,600,1,9.0,15,5
1981,0.0,3,1011.0,1014.0,600,0,9.0,15,5
1982,0.0,-24,1030.0,1006.0,600,0,9.0,15,5
1983,1.0,14,984.0,998.0,600,1,14.0,15,5
1984,0.5,25,981.0,1006.0,600,0,15.0,15,5
1985,1.0,33,972.0,1005.0,600,1,16.0,15,5
1986,1.0,-48,1061.0,1013.0,600,1,20.0,15,5
1987,1.0,56,967.0,1023.0,600,0,10.0,16,6
1988,1.0,63,967.0,1030.0,300,1,13.0,16,6
1989,0.0,-30,1067.0,1037.0,600,1,14.0,16,6
1990,0.0,29,1000.0,1029.0,600,0,18.0,16,6
1991,0.0,-53,1073.0,1020.0,300,1,19.0,16,6
1992,1.0,47,966.0,1013.0,600,0,20.0,16,6
1993,1.0,55,965.0,1020.0,300,1,23.0,16,6
1994,1.0,55,972.0,1027.0,300,0,10.0,17,0
1995,0.5,58,976.0,1034.0,600,0,19.0,17,0
1996,1.0,64,969.0,1033.0,600,0,22.0,17,0
1997,0.0,4,1036.0,1040.0,600,1,22.0,17,0
1998,0.0,14,1017.0,1031.0,300,0,8.0,18,1
1999,0.5,-23,1045.0,1022.0,300,1,8.0,18,1
2000,0.0,-16,1039.0,1023.0,600,1,12.0,18,1
2001,0.0,9,1006.0,1015.0,300,1,12.0,18,1
2002,0.5,-253,1259.0,1006.0,300,0,12.0,18,1
2003,0.0,-53,1064.0,1011.0,300,1,12.0,18,1
2004,0.0,-365,1369.0,1004.0,300,1,12.0,18,1
2005,1.0,4,998.0,1002.0,600,0,13.0,18,1
2006,0.5,-38,1048.0,1010.0,600,0,17.0,18,1
2007,1.0,-18,1029.0,1011.0,600,0,17.0,18,1
2008,0.5,0,1020.0,1020.0,300,1,7.0,19,2
2009,0.0,-10,1030.0,1020.0,300,0,7.0,19,2
2010,1.0,-50,1062.0,1012.0,300,0,8.0,19,2
2011,1.0,48,974.0,1022.0,600,0,15.0,19,2
2012,1.0,-25,1054.0,1029.0,300,1,17.0,19,2
2013,0.0,28,1010.0,1038.0,600,1,20.0,19,2
2014,0.0,21,1008.0,1029.0,600,1,20.0,19,2
2015,0.5,43,977.0,1020.0,600,1,9.0,20,3
2016,0.0,1,1018.0,1019.0,600,0,9.0,20,3
2017,1.0,147,864.0,1011.0,600,0,18.0,20,3
2018,1.0,157,859.0,1016.0,600,1,18.0,20,3
2019,0.0,-90,1111.0,1021.0,300,1,21.0,20,3
2020,0.0,-54,1069.0,1015.0,600,0,9.0,21,4
2021,1.0,-21,1029.0,1008.0,600,0,13.0,21,4
2022,0.5,-9,1026.0,1017.0,600,0,20.0,21,4
2023,0.5,-20,1037.0,1017.0,600,1,20.0,21,4
2024,0.5,6,1012.0,1018.0,600,0,12.0,22,5
2025,1.0,31,987.0,1018.0,600,1,13.0,22,5
2026,0.0,-30,1056.0,1026.0,600,1,14.0,22,5
2027,1.0,29,989.0,1018.0,600,0,14.0,22,5
2028,1.0,63,963.0,1026.0,600,1,17.0,22,5
2029,0.0,-37,1070.0,1033.0,600,1,20.0,22,5
2030,1.0,-22,1048.0,1026.0,300,1,14.0,23,6
2031,1.0,96,939.0,1035.0,300,0,16.0,23,6
2032,0.0,-23,1064.0,1041.0,300,0,16.0,23,6
2033,0.0,16,1017.0,1033.0,300,1,16.0,23,6
2034,0.0,20,1004.0,1024.0,600,0,16.0,23,6
2035,0.0,-7,1022.0,1015.0,600,1,23.0,23,6
2036,0.0,30,977.0,1007.0,600,0,11.0,24,0
2037,1.0,-33,1031.0,998.0,300,0,8.0,25,1
2038,0.0,-41,1048.0,1007.0,300,1,8.0,25,1
2039,0.0,-54,1054.0,1000.0,300,1,9.0,25,1
2040,1.0,8,985.0,993.0,300,1,9.0,25,1
2041,0.0,-32,1033.0,1001.0,300,1,10.0,25,1
2042,0.0,-51,1044.0,993.0,300,1,10.0,25,1
2043,0.0,27,959.0,986.0,600,0,13.0,25,1
2044,1.0,24,953.0,977.0,600,0,19.0,25,1
2045,0.0,-82,1067.0,985.0,600,0,19.0,25,1
2046,0.0,-46,1025.0,979.0,300,1,8.0,26,2
2047,0.0,-33,1005.0,972.0,300,0,11.0,26,2
2048,0.0,24,940.0,964.0,600,0,11.0,26,2
2049,1.0,39,916.0,955.0,600,0,14.0,26,2
2050,1.0,37,925.0,962.0,600,1,14.0,26,2
2051,0.0,-13,982.0,969.0,600,0,17.0,26,2
2052,0.0,-46,1007.0,961.0,600,1,17.0,26,2
2053,0.0,-23,977.0,954.0,300,1,1.0,27,3
2054,0.0,-31,977.0,946.0,600,1,10.0,27,3
2055,0.0,-690,1632.0,942.0,600,1,13.0,28,4
2056,0.0,-42,984.0,942.0,600,0,14.0,28,4
2057,0.0,-27,962.0,935.0,600,0,15.0,28,4
2058,1.0,108,819.0,927.0,600,1,19.0,28,4
2059,0.0,-13,946.0,933.0,600,0,19.0,28,4
2060,1.0,29,896.0,925.0,600,0,20.0,28,4
2061,1.0,43,890.0,933.0,600,1,20.0,28,4
2062,0.0,25,915.0,940.0,600,0,20.0,28,4
2063,1.0,20,911.0,931.0,600,0,9.0,29,5
2064,0.0,-33,972.0,939.0,600,0,19.0,29,5
2065,0.0,-56,987.0,931.0,600,1,23.0,29,5
2066,1.0,-31,955.0,924.0,600,1,9.0,1,0
2067,1.0,28,905.0,933.0,600,1,9.0,1,0
2068,0.0,-37,978.0,941.0,300,0,10.0,1,0
2069,0.5,-22,956.0,934.0,300,1,16.0,1,0
2070,0.0,-45,980.0,935.0,600,0,18.0,1,0
2071,1.0,-45,973.0,928.0,600,0,18.0,2,1
2072,0.0,-59,996.0,937.0,600,1,18.0,2,1
2073,0.0,18,912.0,930.0,600,0,19.0,2,1
2074,0.0,-8,929.0,921.0,300,0,8.0,3,2
2075,0.5,30,883.0,913.0,300,1,8.0,3,2
2076,0.0,43,869.0,912.0,300,1,8.0,3,2
2077,0.0,4,899.0,903.0,600,0,18.0,3,2
2078,0.0,16,879.0,895.0,600,1,18.0,3,2
2079,1.0,119,767.0,886.0,600,0,18.0,3,2
2080,1.0,38,854.0,892.0,600,1,19.0,3,2
2081,1.0,-16,915.0,899.0,600,1,19.0,3,2
2082,1.0,-55,963.0,908.0,600,0,19.0,3,2
2083,1.0,7,911.0,918.0,600,0,21.0,3,2
2084,0.0,-10,936.0,926.0,300,0,12.0,4,3
2085,1.0,-13,931.0,918.0,300,1,13.0,5,4
2086,0.0,-161,1088.0,927.0,600,0,19.0,5,4
2087,0.5,64,858.0,922.0,300,1,23.0,5,4
2088,1.0,114,807.0,921.0,300,1,23.0,5,4
2089,0.0,-79,1006.0,927.0,300,1,23.0,5,4
2090,0.5,-14,934.0,920.0,300,0,11.0,6,5
2091,1.0,34,886.0,920.0,600,0,12.0,6,5
2092,0.0,-44,972.0,928.0,600,1,13.0,6,5
2093,1.0,-2,923.0,921.0,600,1,13.0,6,5
2094,1.0,35,894.0,929.0,600,1,16.0,6,5
2095,1.0,24,913.0,937.0,600,0,16.0,6,5
2096,0.0,-58,1003.0,945.0,600,1,0.0,7,6
2097,0.0,-6,944.0,938.0,600,0,9.0,7,6
2098,1.0,58,872.0,930.0,600,1,9.0,7,6
2099,1.0,-89,1026.0,937.0,600,0,19.0,7,6
2100,0.0,48,899.0,947.0,600,0,14.0,8,0
2101,1.0,75,862.0,937.0,600,1,14.0,8,0
2102,1.0,101,843.0,944.0,600,0,11.0,9,1
2103,0.0,-36,986.0,950.0,600,0,12.0,9,1
2104,1.0,35,907.0,942.0,300,0,13.0,9,1
2105,0.0,4,946.0,950.0,600,1,14.0,9,1
2106,0.0,-9,951.0,942.0,300,1,16.0,9,1
2107,0.0,-96,1030.0,934.0,600,0,21.0,9,1
2108,1.0,-24,952.0,928.0,600,1,8.0,10,2
2109,1.0,-12,949.0,937.0,300,1,9.0,10,2
2110,1.0,49,897.0,946.0,600,1,12.0,10,2
2111,0.0,-36,989.0,953.0,300,0,16.0,10,2
2112,1.0,89,856.0,945.0,600,0,18.0,10,2
2113,1.0,35,916.0,951.0,600,1,18.0,10,2
2114,0.0,-29,988.0,959.0,600,0,18.0,10,2
2115,1.0,61,890.0,951.0,600,0,18.0,10,2
2116,0.0,-58,1016.0,958.0,600,0,8.0,11,3
2117,1.0,45,906.0,951.0,600,1,15.0,11,3
2118,0.0,-36,994.0,958.0,300,0,9.0,12,4
2119,1.0,10,941.0,951.0,300,1,16.0,12,4
2120,1.0,1,958.0,959.0,300,1,19.0,12,4
2121,0.0,-53,1020.0,967.0,300,0,10.0,13,5
2122,1.0,37,923.0,960.0,600,0,12.0,13,5
2123,1.0,32,936.0,968.0,600,1,19.0,13,5
2124,1.0,13,963.0,976.0,600,1,21.0,13,5
2125,0.0,27,957.0,984.0,600,0,16.0,14,6
2126,0.0,41,934.0,975.0,600,0,16.0,14,6
2127,0.0,23,943.0,966.0,300,1,17.0,14,6
2128,1.0,-16,973.0,957.0,600,1,18.0,14,6
2129,0.5,25,941.0,966.0,600,0,20.0,14,6
2130,0.0,-34,999.0,965.0,600,1,9.0,15,0
2131,0.0,-51,1008.0,957.0,300,0,18.0,16,1
2132,1.0,60,890.0,950.0,600,0,20.0,17,2
2133,0.0,73,884.0,957.0,600,0,12.0,18,3
2134,0.5,12,935.0,947.0,600,1,13.0,18,3
2135,1.0,73,874.0,947.0,600,1,12.0,19,4
2136,1.0,42,912.0,954.0,600,1,10.0,20,5
2137,0.0,-171,1132.0,961.0,600,0,10.0,20,5
2138,1.0,29,927.0,956.0,600,0,11.0,20,5
2139,0.0,-47,1011.0,964.0,300,1,9.0,21,6
2140,0.0,-20,977.0,957.0,600,1,11.0,21,6
2141,0.0,23,926.0,949.0,600,0,18.0,21,6
2142,0.0,-4,944.0,940.0,600,1,17.0,22,0
2143,0.0,-41,973.0,932.0,600,0,19.0,22,0
2144,1.0,35,890.0,925.0,600,0,19.0,22,0
2145,1.0,27,906.0,933.0,600,0,8.0,23,1
2146,1.0,47,894.0,941.0,600,1,10.0,23,1
2147,0.0,-20,968.0,948.0,600,1,16.0,23,1
2148,0.0,-65,1005.0,940.0,600,0,9.0,24,2
2149,0.5,-22,955.0,933.0,600,0,9.0,24,2
2150,0.5,44,890.0,934.0,600,1,13.0,24,2
2151,0.0,-44,977.0,933.0,600,1,14.0,24,2
2152,0.0,-40,966.0,926.0,600,1,14.0,24,2
2153,0.0,10,909.0,919.0,600,0,18.0,24,2
2154,1.0,25,885.0,910.0,600,1,18.0,24,2
2155,1.0,18,900.0,918.0,600,0,18.0,24,2
2156,1.0,-3,929.0,926.0,600,0,8.0,25,3
2157,1.0,61,873.0,934.0,600,1,9.0,25,3
2158,1.0,32,909.0,941.0,300,0,9.0,25,3
2159,1.0,-11,960.0,949.0,600,0,13.0,25,3
2160,1.0,122,836.0,958.0,600,0,14.0,25,3
2161,0.0,52,912.0,964.0,600,1,16.0,26,4
2162,1.0,-9,963.0,954.0,600,1,16.0,26,4
2163,0.0,35,928.0,963.0,300,0,17.0,26,4
2164,0.0,-6,960.0,954.0,600,1,19.0,26,4
2165,0.0,-7,953.0,946.0,600,1,23.0,27,5
2166,1.0,25,913.0,938.0,600,0,11.0,27,5
2167,1.0,39,907.0,946.0,600,0,11.0,27,5
2168,0.0,-95,1048.0,953.0,600,0,15.0,27,5
2169,1.0,-13,960.0,947.0,600,1,9.0,28,6
2170,0.0,30,926.0,956.0,600,0,16.0,28,6
2171,1.0,-19,966.0,947.0,600,0,16.0,28,6
2172,1.0,-24,980.0,956.0,600,1,16.0,28,6
2173,0.0,-53,1018.0,965.0,600,1,20.0,28,6
2174,0.5,-38,996.0,958.0,600,0,9.0,29,0
2175,1.0,64,895.0,959.0,600,0,9.0,29,0
2176,1.0,46,920.0,966.0,600,1,11.0,29,0
2177,0.0,5,968.0,973.0,600,0,11.0,29,0
2178,0.0,-37,1001.0,964.0,300,1,12.0,29,0
2179,0.5,3,953.0,956.0,600,0,18.0,29,0
2180,1.0,-16,972.0,956.0,300,1,9.0,30,1
2181,1.0,36,929.0,965.0,600,1,10.0,30,1
2182,1.0,84,889.0,973.0,600,0,16.0,30,1
2183,1.0,44,935.0,979.0,600,0,18.0,30,1
2184,1.0,176,810.0,986.0,600,1,18.0,30,1
2185,1.0,57,937.0,994.0,600,1,10.0,31,2
2186,1.0,8,993.0,1001.0,300,0,11.0,31,2
2187,1.0,41,968.0,1009.0,600,1,8.0,1,3
2188,0.0,-4,1020.0,1016.0,600,1,16.0,1,3
2189,1.0,-23,1031.0,1008.0,600,1,18.0,1,3
2190,0.0,61,956.0,1017.0,600,0,16.0,2,4
2191,0.0,33,974.0,1007.0,600,0,17.0,2,4
2192,1.0,-1,999.0,998.0,600,1,19.0,2,4
2193,0.0,0,1006.0,1006.0,600,0,20.0,2,4
2194,1.0,31,967.0,998.0,600,0,7.0,3,5
2195,1.0,16,990.0,1006.0,600,0,10.0,3,5
2196,0.0,30,984.0,1014.0,600,1,17.0,3,5
2197,1.0,107,898.0,1005.0,600,1,18.0,3,5
2198,1.0,-18,1029.0,1011.0,600,1,9.0,4,6
2199,0.0,-53,1073.0,1020.0,300,1,14.0,4,6
2200,0.0,-55,1068.0,1013.0,300,1,8.0,5,0
2201,0.0,-62,1068.0,1006.0,300,0,9.0,5,0
2202,0.0,-48,1047.0,999.0,300,0,9.0,5,0
2203,0.0,13,979.0,992.0,600,0,8.0,6,1
2204,1.0,84,899.0,983.0,600,1,8.0,6,1
2205,1.0,75,914.0,989.0,600,0,15.0,6,1
2206,1.0,42,954.0,996.0,600,1,16.0,6,1
2207,0.5,-74,1077.0,1003.0,600,1,8.0,7,2
2208,1.0,-54,1059.0,1005.0,600,1,17.0,7,2
2209,1.0,59,956.0,1015.0,600,0,17.0,7,2
2210,0.0,26,996.0,1022.0,600,1,15.0,8,3
2211,0.0,0,1013.0,1013.0,600,0,15.0,8,3
2212,0.0,13,992.0,1005.0,300,1,21.0,8,3
2213,1.0,13,983.0,996.0,600,0,11.0,9,4
2214,1.0,-7,1011.0,1004.0,600,0,15.0,10,5
2215,1.0,3,1010.0,1013.0,600,0,15.0,10,5
2216,1.0,50,971.0,1021.0,600,0,18.0,10,5
2217,0.5,15,1013.0,1028.0,600,0,9.0,11,6
2218,1.0,32,996.0,1028.0,600,1,14.0,11,6
2219,0.0,-36,1072.0,1036.0,600,1,20.0,11,6
2220,1.0,6,1022.0,1028.0,600,0,9.0,12,0
2221,0.0,-25,1061.0,1036.0,600,1,9.0,12,0
2222,0.5,-20,1048.0,1028.0,600,1,10.0,12,0
2223,0.0,26,1003.0,1029.0,600,1,16.0,12,0
2224,1.0,29,991.0,1020.0,600,0,7.0,13,1
2225,0.0,-43,1071.0,1028.0,600,0,13.0,13,1
2226,0.0,-83,1104.0,1021.0,600,0,17.0,13,1
2227,0.0,25,990.0,1015.0,600,1,17.0,13,1
2228,1.0,-5,1011.0,1006.0,600,0,9.0,14,2
2229,0.0,-41,1055.0,1014.0,600,0,12.0,14,2
2230,0.0,-4,1011.0,1007.0,600,1,12.0,14,2
2231,1.0,-13,1012.0,999.0,600,0,7.0,15,3
2232,0.5,-52,1060.0,1008.0,600,0,9.0,15,3
